benchmark,policy,file,l1_size_kb,l1_assoc,l1_block_b,l2_size_kb,l2_assoc,l2_block_b,l1_latency,l2_latency,mem_latency,total_instructions,total_cycles,ipc_reported,ipc_computed,l1_total_accesses,l1_total_hits,l1_total_misses,l1_total_miss_rate,l1_total_mpki,l2_total_accesses,l2_total_hits,l2_total_misses,l2_total_miss_rate,l2_total_mpki,mem_accesses,mem_mpki,l1_load_accesses,l1_load_hits,l1_load_misses,l1_load_miss_rate,l1_load_mpki,l1_store_accesses,l1_store_hits,l1_store_misses,l1_store_miss_rate,l1_store_mpki,l2_load_accesses,l2_load_hits,l2_load_misses,l2_load_miss_rate,l2_load_mpki,l2_store_accesses,l2_store_hits,l2_store_misses,l2_store_miss_rate,l2_store_mpki,l2_size_kb_filename,l2_assoc_filename,l2_block_b_filename,l1_load_accesses_pct,l1_load_hits_pct,l1_load_misses_pct,l1_store_accesses_pct,l1_store_hits_pct,l1_store_misses_pct,l1_total_accesses_pct,l1_total_hits_pct,l1_total_misses_pct,l2_load_accesses_pct,l2_load_hits_pct,l2_load_misses_pct,l2_store_accesses_pct,l2_store_hits_pct,l2_store_misses_pct,l2_total_accesses_pct,l2_total_hits_pct,l2_total_misses_pct
403.gcc,Sets: 1024,/home/ssm-user/advcomparch/advcomparch-ex2-helpcode/outputs/L2_cache/403.gcc/403.gcc.cslab_cache_stats_L2_LRU_0256_04_064.out,32,4,32,256,4,64,1,15,250,3184274146,10174608175,0.312963,0.31296282777985207,1230664904,1162986629,67678275,0.05499325996867788,21.25390965002672,67678275,48700295,18977980,0.2804146530034934,5.959907699479842,18977980,5.959907699479842,757395415,719474797,37920618,0.050067134351480067,11.90871648021728,473269489,443511832,29757657,0.06287677040596208,9.345193169809445,37920618,22053560,15867058,0.41842825451842586,4.982943450372128,29757657,26646735,3110922,0.10454189992175796,0.9769642491077148,256,4,64,100.0,94.99,5.01,100.0,93.71,6.29,100.0,94.5,5.5,100.0,58.16,41.84,100.0,89.55,10.45,100.0,71.96,28.04
403.gcc,Sets:  512,/home/ssm-user/advcomparch/advcomparch-ex2-helpcode/outputs/L2_cache/403.gcc/403.gcc.cslab_cache_stats_L2_LRU_0256_04_128.out,32,4,32,256,4,128,1,15,250,3184036921,9113628155,0.349371,0.3493709494009963,1230603699,1163328930,67274769,0.05466810237501163,21.12876535956475,67274769,52515305,14759464,0.21939077932768525,4.6354562984667105,14759464,4.6354562984667105,757369811,719398479,37971332,0.050135787627796004,11.925531312015838,473233888,443930451,29303437,0.06192167920146919,9.20323404754891,37971332,24986574,12984758,0.3419621413333617,4.0780802239949905,29303437,27528731,1774706,0.06056306637340869,0.5573760744717193,256,4,128,100.0,94.99,5.01,100.0,93.81,6.19,100.0,94.53,5.47,100.0,65.8,34.2,100.0,93.94,6.06,100.0,78.06,21.94
403.gcc,Sets:  256,/home/ssm-user/advcomparch/advcomparch-ex2-helpcode/outputs/L2_cache/403.gcc/403.gcc.cslab_cache_stats_L2_LRU_0256_04_256.out,32,4,32,256,4,256,1,15,250,3184218284,8042120770,0.395943,0.39594260955123656,1230649201,1162861832,67787369,0.05508260919920753,21.288543357915092,67787369,57345598,10441771,0.15403711862603783,3.2792258785987176,10441771,3.2792258785987176,757380342,719251182,38129160,0.05034347722745622,11.974417768904438,473268859,443610650,29658209,0.06266672407448638,9.314125589010656,38129160,28700904,9428256,0.24727153705982508,2.960932687113482,29658209,28644694,1013515,0.03417316939131422,0.31829319148523555,256,4,256,100.0,94.97,5.03,100.0,93.73,6.27,100.0,94.49,5.51,100.0,75.27,24.73,100.0,96.58,3.42,100.0,84.6,15.4
403.gcc,Sets: 2048,/home/ssm-user/advcomparch/advcomparch-ex2-helpcode/outputs/L2_cache/403.gcc/403.gcc.cslab_cache_stats_L2_LRU_0512_04_064.out,32,4,32,512,4,64,1,15,250,3184190438,9140987107,0.348342,0.3483420773629147,1230630534,1162876375,67754159,0.05505645856175384,21.278299875354378,67754159,52914744,14839415,0.21901851073083203,4.660341549584165,14839415,4.660341549584165,757374436,719478203,37896233,0.05003632443701863,11.901371396555898,473256098,443398172,29857926,0.0630904200203248,9.376928478798478,37896233,25266350,12629883,0.33327542080501776,3.9664345603439686,29857926,27648394,2209532,0.07400152307966736,0.6939069892401957,512,4,64,100.0,95.0,5.0,100.0,93.69,6.31,100.0,94.49,5.51,100.0,66.67,33.33,100.0,92.6,7.4,100.0,78.1,21.9
403.gcc,Sets: 1024,/home/ssm-user/advcomparch/advcomparch-ex2-helpcode/outputs/L2_cache/403.gcc/403.gcc.cslab_cache_stats_L2_LRU_0512_04_128.out,32,4,32,512,4,128,1,15,250,3184045873,8286096260,0.384264,0.3842636837771904,1230596962,1162859567,67737395,0.05504433790402938,21.274000972912493,67737395,56315825,11421570,0.16861543022137182,3.587124826577522,11421570,3.587124826577522,757362575,719529397,37833178,0.04995385202391338,11.882108332928532,473234387,443330170,29904217,0.06319113281174134,9.39189263998396,37833178,27630835,10202343,0.26966656092173913,3.2042072906403756,29904217,28684990,1219227,0.04077107252131029,0.3829175359371464,512,4,128,100.0,95.0,5.0,100.0,93.68,6.32,100.0,94.5,5.5,100.0,73.03,26.97,100.0,95.92,4.08,100.0,83.14,16.86
403.gcc,Sets:  512,/home/ssm-user/advcomparch/advcomparch-ex2-helpcode/outputs/L2_cache/403.gcc/403.gcc.cslab_cache_stats_L2_LRU_0512_04_256.out,32,4,32,512,4,256,1,15,250,3184195068,7433613618,0.428351,0.4283508979118425,1230645220,1163077698,67567522,0.05490414369788882,21.21965537822383,67567522,59546480,8021042,0.11871150165903673,2.519017154636206,8021042,2.519017154636206,757381890,719459940,37921950,0.05006978711888661,11.90943054371944,473263330,443617758,29645572,0.06264075435550859,9.31022483450439,37921950,30565490,7356460,0.1939894968481315,2.3103044389239034,29645572,28980990,664582,0.022417580608665603,0.20871271571230257,512,4,256,100.0,94.99,5.01,100.0,93.74,6.26,100.0,94.51,5.49,100.0,80.6,19.4,100.0,97.76,2.24,100.0,88.13,11.87
403.gcc,Sets: 1024,/home/ssm-user/advcomparch/advcomparch-ex2-helpcode/outputs/L2_cache/403.gcc/403.gcc.cslab_cache_stats_L2_LRU_0512_08_064.out,32,4,32,512,8,64,1,15,250,3184091393,9059028343,0.351483,0.351482661543981,1230593315,1163222156,67371159,0.054746891746279315,21.15867627044586,67371159,52836054,14535105,0.2157466965946066,4.564914509663385,14535105,4.564914509663385,757361976,719584287,37777689,0.04988062537747472,11.864511515923061,473231339,443637869,29593470,0.0625348905728325,9.294164754522798,37777689,25328183,12449506,0.32954652149314906,3.9099084992878534,29593470,27507871,2085599,0.07047497302614394,0.655006010375532,512,8,64,100.0,95.01,4.99,100.0,93.75,6.25,100.0,94.53,5.47,100.0,67.05,32.95,100.0,92.95,7.05,100.0,78.43,21.57
403.gcc,Sets:  512,/home/ssm-user/advcomparch/advcomparch-ex2-helpcode/outputs/L2_cache/403.gcc/403.gcc.cslab_cache_stats_L2_LRU_0512_08_128.out,32,4,32,512,8,128,1,15,250,3184242521,8198499376,0.388393,0.38839333577574453,1230650200,1163624323,67025877,0.05446379239202171,21.049237474208077,67025877,55913003,11112874,0.16579975521991305,3.4899584207895202,11112874,3.4899584207895202,757385642,719595729,37789913,0.049895206489800344,11.867787315437333,473264558,444028594,29235964,0.06177509704836169,9.181450158770742,37789913,27835781,9954132,0.26340711607354056,3.1260596309334945,29235964,28077222,1158742,0.039634130073494415,0.3638987898560256,512,8,128,100.0,95.01,4.99,100.0,93.82,6.18,100.0,94.55,5.45,100.0,73.66,26.34,100.0,96.04,3.96,100.0,83.42,16.58
403.gcc,Sets:  256,/home/ssm-user/advcomparch/advcomparch-ex2-helpcode/outputs/L2_cache/403.gcc/403.gcc.cslab_cache_stats_L2_LRU_0512_08_256.out,32,4,32,512,8,256,1,15,250,3184253312,7401759801,0.430202,0.4302021948307209,1230674044,1162978881,67695163,0.055006574104686325,21.259352308714817,67695163,59809543,7885620,0.11648720012683919,2.476442426952244,7885620,2.476442426952244,757418481,719562969,37855512,0.04997965186962477,11.8883481591555,473255563,443415912,29839651,0.06305187584239764,9.371004149559317,37855512,30613391,7242121,0.19130955090503068,2.2743545473306868,29839651,29196152,643499,0.021565232113472103,0.20208787962155694,512,8,256,100.0,95.0,5.0,100.0,93.69,6.31,100.0,94.5,5.5,100.0,80.87,19.13,100.0,97.84,2.16,100.0,88.35,11.65
403.gcc,Sets:  512,/home/ssm-user/advcomparch/advcomparch-ex2-helpcode/outputs/L2_cache/403.gcc/403.gcc.cslab_cache_stats_L2_LRU_0512_16_064.out,32,4,32,512,16,64,1,15,250,3184471559,9018445817,0.353106,0.3531064690766551,1230714153,1163016496,67697657,0.05500680790497093,21.258678479533565,67697657,53346476,14351181,0.2119893307385808,4.506613023262991,14351181,4.506613023262991,757432972,719634249,37798723,0.04990372006144987,11.86970029396956,473281181,443382247,29898934,0.06317372251486163,9.388978185564007,37798723,25509857,12288866,0.3251132584558478,3.858996939466778,29898934,27836619,2062315,0.06897620497105349,0.6476160837962126,512,16,64,100.0,95.01,4.99,100.0,93.68,6.32,100.0,94.5,5.5,100.0,67.49,32.51,100.0,93.1,6.9,100.0,78.8,21.2
403.gcc,Sets:  256,/home/ssm-user/advcomparch/advcomparch-ex2-helpcode/outputs/L2_cache/403.gcc/403.gcc.cslab_cache_stats_L2_LRU_0512_16_128.out,32,4,32,512,16,128,1,15,250,3184282304,8178762097,0.389335,0.38933548454331574,1230684358,1163031979,67652379,0.05497134871360736,21.24572275360671,67652379,56656340,10996039,0.16253735881187564,3.453223662420604,10996039,3.453223662420604,757424770,719589475,37835295,0.04995254512207199,11.881890921691346,473259588,443442504,29817084,0.063003655406132,9.363831831915366,37835295,27994615,9840680,0.2600925934368954,3.090391824757005,29817084,28661725,1155359,0.038748222327843994,0.36283183766359933,512,16,128,100.0,95.0,5.0,100.0,93.7,6.3,100.0,94.5,5.5,100.0,73.99,26.01,100.0,96.13,3.87,100.0,83.75,16.25
403.gcc,Sets:  128,/home/ssm-user/advcomparch/advcomparch-ex2-helpcode/outputs/L2_cache/403.gcc/403.gcc.cslab_cache_stats_L2_LRU_0512_16_256.out,32,4,32,512,16,256,1,15,250,3184330911,7376842509,0.431666,0.43166583902462435,1230671068,1163226966,67444102,0.05480270378794669,21.179991616769506,67444102,59643386,7800716,0.11566194476130767,2.449719020423754,7800716,2.449719020423754,757396379,719548460,37847919,0.049971085219566384,11.885673963487145,473274689,443678506,29596183,0.0625348950364003,9.294317653282361,37847919,30687244,7160675,0.18919600308804296,2.248722007899386,29596183,28956142,640041,0.021625795461529616,0.20099701252436827,512,16,256,100.0,95.0,5.0,100.0,93.75,6.25,100.0,94.52,5.48,100.0,81.08,18.92,100.0,97.84,2.16,100.0,88.43,11.57
403.gcc,Sets: 2048,/home/ssm-user/advcomparch/advcomparch-ex2-helpcode/outputs/L2_cache/403.gcc/403.gcc.cslab_cache_stats_L2_LRU_1024_08_064.out,32,4,32,1024,8,64,1,15,250,3184163876,8377384185,0.38009,0.3800904680605859,1230636494,1163140423,67496071,0.05484647280417803,21.19742375973114,67496071,55695500,11800571,0.174833450675966,3.7060187413545043,11800571,3.7060187413545043,757385669,719505704,37879965,0.050014103184727675,11.89636164316563,473250825,443634719,29616106,0.06258014658505878,9.301062116565511,37879965,27899371,9980594,0.26347949371125345,3.134447342747255,29616106,27796129,1819977,0.06145227194959391,0.5715713986072493,1024,8,64,100.0,95.0,5.0,100.0,93.74,6.26,100.0,94.52,5.48,100.0,73.65,26.35,100.0,93.85,6.15,100.0,82.52,17.48
403.gcc,Sets: 1024,/home/ssm-user/advcomparch/advcomparch-ex2-helpcode/outputs/L2_cache/403.gcc/403.gcc.cslab_cache_stats_L2_LRU_1024_08_128.out,32,4,32,1024,8,128,1,15,250,3184228103,7677665084,0.414739,0.4147391255234389,1230660561,1162978083,67682478,0.05499686927888802,21.255536918424088,67682478,58692321,8990157,0.1328284256968251,2.823339506215017,8990157,2.823339506215017,757391023,719556065,37834958,0.049954325904388225,11.88198733763892,473269538,443422018,29847520,0.06306664089586936,9.373549580785168,37834958,29828293,8006665,0.2116208243180817,2.5144759549281575,29847520,28864028,983492,0.032950543294719296,0.30886355128685955,1024,8,128,100.0,95.0,5.0,100.0,93.69,6.31,100.0,94.5,5.5,100.0,78.84,21.16,100.0,96.7,3.3,100.0,86.72,13.28
403.gcc,Sets:  512,/home/ssm-user/advcomparch/advcomparch-ex2-helpcode/outputs/L2_cache/403.gcc/403.gcc.cslab_cache_stats_L2_LRU_1024_08_256.out,32,4,32,1024,8,256,1,15,250,3184153504,6925689095,0.45976,0.45975981022578666,1230612231,1162996557,67615674,0.05494474400360482,21.235054753189438,67615674,61628921,5986753,0.08854090547111902,1.8801709755761826,5986753,1.8801709755761826,757366555,719486574,37879981,0.050015386538952725,11.896405419027184,473245676,443509983,29735693,0.06283352285716394,9.33864933416225,37879981,32425956,5454025,0.14398172480603938,1.7128649712234478,29735693,29202965,532728,0.01791543919961778,0.16730600435273488,1024,8,256,100.0,95.0,5.0,100.0,93.72,6.28,100.0,94.51,5.49,100.0,85.6,14.4,100.0,98.21,1.79,100.0,91.15,8.85
403.gcc,Sets: 1024,/home/ssm-user/advcomparch/advcomparch-ex2-helpcode/outputs/L2_cache/403.gcc/403.gcc.cslab_cache_stats_L2_LRU_1024_16_064.out,32,4,32,1024,16,64,1,15,250,3184282548,8375399937,0.380195,0.3801946858600503,1230717764,1162960689,67757075,0.05505492565556241,21.278600117491834,67757075,55980901,11776174,0.173799916835253,3.6982189307906856,11776174,3.6982189307906856,757439713,719602140,37837573,0.04995456714322028,11.882605400002964,473278051,443358549,29919502,0.06321759890783527,9.39599471748887,37837573,27873241,9964332,0.26334490322621906,3.1292235691391292,29919502,28107660,1811842,0.06055722451530109,0.5689953616515565,1024,16,64,100.0,95.0,5.0,100.0,93.68,6.32,100.0,94.49,5.51,100.0,73.67,26.33,100.0,93.94,6.06,100.0,82.62,17.38
403.gcc,Sets:  512,/home/ssm-user/advcomparch/advcomparch-ex2-helpcode/outputs/L2_cache/403.gcc/403.gcc.cslab_cache_stats_L2_LRU_1024_16_128.out,32,4,32,1024,16,128,1,15,250,3184336052,7662985540,0.415548,0.4155477046613349,1230677693,1162932290,67745403,0.055047234044567996,21.274577146922308,67745403,58818240,8927163,0.13177518480479036,2.8034613351794566,8927163,2.8034613351794566,757393270,719631025,37762245,0.04985817341630194,11.858749950804501,473284423,443301265,29983158,0.06335124619134148,9.415827196117805,37762245,29813758,7948487,0.21048767095282603,2.4961206575567796,29983158,29004482,978676,0.03264085791096455,0.307340677622677,1024,16,128,100.0,95.01,4.99,100.0,93.66,6.34,100.0,94.5,5.5,100.0,78.95,21.05,100.0,96.74,3.26,100.0,86.82,13.18
403.gcc,Sets:  256,/home/ssm-user/advcomparch/advcomparch-ex2-helpcode/outputs/L2_cache/403.gcc/403.gcc.cslab_cache_stats_L2_LRU_1024_16_256.out,32,4,32,1024,16,256,1,15,250,3184229406,6902731810,0.4613,0.46129988729780885,1230647719,1162910590,67737129,0.05504185150161563,21.27269124277411,67737129,61849938,5887191,0.08691231953453475,1.8488589386514824,5887191,1.8488589386514824,757391914,719598781,37793133,0.049899044736830926,11.86884742939278,473255805,443311809,29943996,0.06327232689728972,9.403843813381329,37793133,32435606,5357527,0.14175927145283246,1.6825191645755437,29943996,29414332,529664,0.017688487535197372,0.16633977407593853,1024,16,256,100.0,95.01,4.99,100.0,93.67,6.33,100.0,94.5,5.5,100.0,85.82,14.18,100.0,98.23,1.77,100.0,91.31,8.69
403.gcc,Sets: 2048,/home/ssm-user/advcomparch/advcomparch-ex2-helpcode/outputs/L2_cache/403.gcc/403.gcc.cslab_cache_stats_L2_LRU_2048_16_064.out,32,4,32,2048,16,64,1,15,250,3184218001,7395699579,0.43055,0.4305499387835532,1230657993,1163619104,67038889,0.054474020711942836,21.053485967024404,67038889,59137928,7900961,0.1178563833299803,2.4812877125619894,7900961,2.4812877125619894,757394885,719630278,37764607,0.049861185687833105,11.859931382882726,473263108,443988826,29274282,0.06185625185050342,9.193554584141678,37764607,31496911,6267696,0.16596746260327824,1.9683627182660353,29274282,27641017,1633265,0.05579180387754685,0.5129249942959543,2048,16,64,100.0,95.01,4.99,100.0,93.81,6.19,100.0,94.55,5.45,100.0,83.4,16.6,100.0,94.42,5.58,100.0,88.21,11.79
403.gcc,Sets: 1024,/home/ssm-user/advcomparch/advcomparch-ex2-helpcode/outputs/L2_cache/403.gcc/403.gcc.cslab_cache_stats_L2_LRU_2048_16_128.out,32,4,32,2048,16,128,1,15,250,3184083291,7097775340,0.448603,0.44860299720334623,1230604564,1163611215,66993349,0.05443937960236592,21.0400742937098,66993349,60280600,6712749,0.10020023032435653,2.1082202902712948,6712749,2.1082202902712948,757369089,719572841,37796248,0.04990466147741079,11.87037038472999,473235475,444038374,29197101,0.06169677157022094,9.16970390897981,37796248,31952621,5843627,0.15460865321870043,1.8352619783902506,29197101,28327979,869122,0.02976740738746631,0.27295831188104436,2048,16,128,100.0,95.01,4.99,100.0,93.83,6.17,100.0,94.56,5.44,100.0,84.54,15.46,100.0,97.02,2.98,100.0,89.98,10.02
403.gcc,Sets:  512,/home/ssm-user/advcomparch/advcomparch-ex2-helpcode/outputs/L2_cache/403.gcc/403.gcc.cslab_cache_stats_L2_LRU_2048_16_256.out,32,4,32,2048,16,256,1,15,250,3184329686,6559974336,0.485418,0.4854180097207014,1230711695,1163393998,67317697,0.054698185833035415,21.140303812122298,67317697,62777027,4540670,0.0674513568103793,1.4259421755112827,4540670,1.4259421755112827,757430740,719639039,37791701,0.04989459630328708,11.868023956863619,473280955,443754959,29525996,0.062385768301198595,9.272279855258681,37791701,33709722,4081979,0.1080125766236349,1.2818958470118662,29525996,29067305,458691,0.015535157560815221,0.14404632849941656,2048,16,256,100.0,95.01,4.99,100.0,93.76,6.24,100.0,94.53,5.47,100.0,89.2,10.8,100.0,98.45,1.55,100.0,93.25,6.75
429.mcf,Sets: 1024,/home/ssm-user/advcomparch/advcomparch-ex2-helpcode/outputs/L2_cache/429.mcf/429.mcf.cslab_cache_stats_L2_LRU_0256_04_064.out,32,4,32,256,4,64,1,15,250,18199704597,639841455029,0.0284441,0.028444084786871337,8233778687,5057646404,3176132283,0.3857441891187426,174.51559535331944,3176132283,913068333,2263063950,0.7125219444142402,124.34619133175593,2263063950,124.34619133175593,6352980990,3248678621,3104302369,0.48863712545124427,170.56883272224684,1880797697,1808967783,71829914,0.038191196275162174,3.9467626310726103,3104302369,875402594,2228899775,0.7180034384723945,122.46900839079592,71829914,37665739,34164175,0.4756260045083724,1.877182940960017,256,4,64,100.0,51.14,48.86,100.0,96.18,3.82,100.0,61.43,38.57,100.0,28.2,71.8,100.0,52.44,47.56,100.0,28.75,71.25
429.mcf,Sets:  512,/home/ssm-user/advcomparch/advcomparch-ex2-helpcode/outputs/L2_cache/429.mcf/429.mcf.cslab_cache_stats_L2_LRU_0256_04_128.out,32,4,32,256,4,128,1,15,250,18199704597,477467258384,0.0381172,0.03811717825133677,8233778687,5053080047,3180698640,0.38629877737931967,174.76649816197016,3180698640,1567405458,1613293182,0.5072134661584915,88.6439213011145,1613293182,88.6439213011145,6352980990,3244541441,3108439549,0.48928834414787065,170.79615399430102,1880797697,1808538606,72259091,0.038419385091367435,3.97034416766913,3108439549,1513683731,1594755818,0.5130406407655702,87.6253682855312,72259091,53721727,18537364,0.2565402324255643,1.0185530155833222,256,4,128,100.0,51.07,48.93,100.0,96.16,3.84,100.0,61.37,38.63,100.0,48.7,51.3,100.0,74.35,25.65,100.0,49.28,50.72
429.mcf,Sets:  256,/home/ssm-user/advcomparch/advcomparch-ex2-helpcode/outputs/L2_cache/429.mcf/429.mcf.cslab_cache_stats_L2_LRU_0256_04_256.out,32,4,32,256,4,256,1,15,250,18199704597,359858523669,0.0505746,0.05057461029807424,8233778687,5032706078,3201072609,0.3887732146668032,175.8859651781193,3201072609,2059436804,1141635805,0.3566416462376471,62.72826017122195,1141635805,62.72826017122195,6352980990,3225293130,3127687860,0.49231815189171535,171.85377066590198,1880797697,1807412948,73384749,0.039017885398867545,4.032194512217335,3127687860,1997589971,1130097889,0.3613205471852936,62.09429845285967,73384749,61846833,11537916,0.15722498417212002,0.6339617183622797,256,4,256,100.0,50.77,49.23,100.0,96.1,3.9,100.0,61.12,38.88,100.0,63.87,36.13,100.0,84.28,15.72,100.0,64.34,35.66
429.mcf,Sets: 2048,/home/ssm-user/advcomparch/advcomparch-ex2-helpcode/outputs/L2_cache/429.mcf/429.mcf.cslab_cache_stats_L2_LRU_0512_04_064.out,32,4,32,512,4,64,1,15,250,18199704597,607249100859,0.0299707,0.029970739472903518,8233778687,5058986832,3174791855,0.38558139290439736,174.44194426778364,3174791855,1042016896,2132774959,0.6717841850454161,117.18733936767094,2132774959,117.18733936767094,6352980990,3249735717,3103245273,0.4884707317532836,170.51074958170105,1880797697,1809251115,71546582,0.038040551684065574,3.931194686082629,3103245273,1003754949,2099490324,0.6765466920281038,115.35848358473221,71546582,38261947,33284635,0.46521628384707464,1.8288557829387277,512,4,64,100.0,51.15,48.85,100.0,96.2,3.8,100.0,61.44,38.56,100.0,32.35,67.65,100.0,53.48,46.52,100.0,32.82,67.18
429.mcf,Sets: 1024,/home/ssm-user/advcomparch/advcomparch-ex2-helpcode/outputs/L2_cache/429.mcf/429.mcf.cslab_cache_stats_L2_LRU_0512_04_128.out,32,4,32,512,4,128,1,15,250,18199704597,443502070379,0.0410363,0.04103634641761024,8233778687,5058155764,3175622923,0.3856823268779218,174.48760808587315,3175622923,1697885950,1477736973,0.46533767038184337,81.19565705718031,1477736973,81.19565705718031,6352980990,3249072164,3103908826,0.4885751792561243,170.5472091295175,1880797697,1809083600,71714097,0.03812961761617895,3.940398956355654,3103908826,1643567970,1460340856,0.4704844561693965,80.23981093850938,71714097,54317980,17396117,0.2425759749857828,0.9558461186709337,512,4,128,100.0,51.14,48.86,100.0,96.19,3.81,100.0,61.43,38.57,100.0,52.95,47.05,100.0,75.74,24.26,100.0,53.47,46.53
429.mcf,Sets:  512,/home/ssm-user/advcomparch/advcomparch-ex2-helpcode/outputs/L2_cache/429.mcf/429.mcf.cslab_cache_stats_L2_LRU_0512_04_256.out,32,4,32,512,4,256,1,15,250,18199704597,307653259344,0.0591565,0.05915654732801042,8233778687,5054186333,3179592354,0.3861644179263814,174.70571223030274,3179592354,2245488791,934103563,0.2937809187472967,51.32520464941918,934103563,51.32520464941918,6352980990,3245201544,3107779446,0.4891844396971822,170.7598840100009,1880797697,1808984789,71812908,0.03818215436702547,3.945828220301855,3107779446,2183237510,924541936,0.29749277645489647,50.79983200125125,71812908,62251281,9561627,0.13314635580556075,0.5253726481679334,512,4,256,100.0,51.08,48.92,100.0,96.18,3.82,100.0,61.38,38.62,100.0,70.25,29.75,100.0,86.69,13.31,100.0,70.62,29.38
429.mcf,Sets: 1024,/home/ssm-user/advcomparch/advcomparch-ex2-helpcode/outputs/L2_cache/429.mcf/429.mcf.cslab_cache_stats_L2_LRU_0512_08_064.out,32,4,32,512,8,64,1,15,250,18199704597,607410432144,0.0299628,0.02996277909281176,8233778687,5059054313,3174724374,0.3855731972748371,174.4382364603497,3174724374,1041300041,2133424333,0.6720030092917918,117.22301983690818,2133424333,117.22301983690818,6352980990,3249763268,3103217722,0.48846639504898,170.50923576592157,1880797697,1809291045,71506652,0.03801932133054925,3.9290006944281393,3103217722,1003023666,2100194056,0.6767794734835559,115.39715080574393,71506652,38276375,33230277,0.4647158840550946,1.8258690311642534,512,8,64,100.0,51.15,48.85,100.0,96.2,3.8,100.0,61.44,38.56,100.0,32.32,67.68,100.0,53.53,46.47,100.0,32.8,67.2
429.mcf,Sets:  512,/home/ssm-user/advcomparch/advcomparch-ex2-helpcode/outputs/L2_cache/429.mcf/429.mcf.cslab_cache_stats_L2_LRU_0512_08_128.out,32,4,32,512,8,128,1,15,250,18199704597,440738979159,0.0412936,0.041293612449999156,8233778687,5058769312,3175009375,0.38560781090860524,174.45389611012487,3175009375,1708287954,1466721421,0.4619581386275434,80.59039712335613,1466721421,80.59039712335613,6352980990,3249591067,3103389923,0.488493500592074,170.51869751290116,1880797697,1809178245,71619452,0.038079295882931956,3.9351985972236934,3103389923,1653968525,1449421398,0.4670445654469569,79.63983098049401,71619452,54319429,17300023,0.24155480832218598,0.9505661428621044,512,8,128,100.0,51.15,48.85,100.0,96.19,3.81,100.0,61.44,38.56,100.0,53.3,46.7,100.0,75.84,24.16,100.0,53.8,46.2
429.mcf,Sets:  256,/home/ssm-user/advcomparch/advcomparch-ex2-helpcode/outputs/L2_cache/429.mcf/429.mcf.cslab_cache_stats_L2_LRU_0512_08_256.out,32,4,32,512,8,256,1,15,250,18199704597,301221084924,0.0604198,0.06041975647751186,8233778687,5057998161,3175780526,0.38570146790733145,174.49626773192182,3175780526,2267176951,908603575,0.28610401996022566,49.92408366615864,908603575,49.92408366615864,6352980990,3248802580,3104178410,0.4886176135087097,170.5620216776313,1880797697,1809195581,71602116,0.038070078517328174,3.934246054290504,3104178410,2204786574,899391836,0.2897358712059337,49.417935945413845,71602116,62390377,9211739,0.12865177057057922,0.5061477207447885,512,8,256,100.0,51.14,48.86,100.0,96.19,3.81,100.0,61.43,38.57,100.0,71.03,28.97,100.0,87.13,12.87,100.0,71.39,28.61
429.mcf,Sets:  512,/home/ssm-user/advcomparch/advcomparch-ex2-helpcode/outputs/L2_cache/429.mcf/429.mcf.cslab_cache_stats_L2_LRU_0512_16_064.out,32,4,32,512,16,64,1,15,250,18199704597,607713050374,0.0299479,0.029947858756364538,8233778687,5058960881,3174817806,0.38558454467723297,174.44337017004827,3174817806,1040188606,2134629200,0.6723627403014508,117.28922239495401,2134629200,117.28922239495401,6352980990,3249833966,3103147024,0.48845526672983164,170.5053511973769,1880797697,1809126915,71670782,0.03810658749440185,3.938018972671351,3103147024,1001755715,2101391309,0.6771807113061878,115.46293500535107,71670782,38432891,33237891,0.4637578950931497,1.8262873896029534,512,16,64,100.0,51.15,48.85,100.0,96.19,3.81,100.0,61.44,38.56,100.0,32.28,67.72,100.0,53.62,46.38,100.0,32.76,67.24
429.mcf,Sets:  256,/home/ssm-user/advcomparch/advcomparch-ex2-helpcode/outputs/L2_cache/429.mcf/429.mcf.cslab_cache_stats_L2_LRU_0512_16_128.out,32,4,32,512,16,128,1,15,250,18199704597,440198905474,0.0413443,0.04134427498724199,8233778687,5058858091,3174920596,0.385597028617342,174.44901806391667,3174920596,1710354143,1464566453,0.46129230911953173,80.47199036633903,1464566453,80.47199036633903,6352980990,3249604840,3103376150,0.4884913326334383,170.51794074237634,1880797697,1809253251,71544446,0.03803941599573322,3.9310773215403305,3103376150,1656096789,1447279361,0.4663564102598391,79.52213472951458,71544446,54257354,17287092,0.24162730954685147,0.9498556368244332,512,16,128,100.0,51.15,48.85,100.0,96.2,3.8,100.0,61.44,38.56,100.0,53.36,46.64,100.0,75.84,24.16,100.0,53.87,46.13
429.mcf,Sets:  128,/home/ssm-user/advcomparch/advcomparch-ex2-helpcode/outputs/L2_cache/429.mcf/429.mcf.cslab_cache_stats_L2_LRU_0512_16_256.out,32,4,32,512,16,256,1,15,250,18199704597,299566451719,0.0607535,0.06075348054685285,8233778687,5058477758,3175300929,0.3856432204102549,174.46991582068918,3175300929,2273287111,902013818,0.2840719157551067,49.56200322881538,902013818,49.56200322881538,6352980990,3249304433,3103676557,0.4885386186241366,170.53444688940738,1880797697,1809173325,71624372,0.038081911794259286,3.9354689312817976,3103676557,2210884147,892792410,0.28765639511836544,49.055324235711275,71624372,62402964,9221408,0.12874679026854155,0.5066789931040989,512,16,256,100.0,51.15,48.85,100.0,96.19,3.81,100.0,61.44,38.56,100.0,71.23,28.77,100.0,87.13,12.87,100.0,71.59,28.41
429.mcf,Sets: 2048,/home/ssm-user/advcomparch/advcomparch-ex2-helpcode/outputs/L2_cache/429.mcf/429.mcf.cslab_cache_stats_L2_LRU_1024_08_064.out,32,4,32,1024,8,64,1,15,250,18199704597,555738385389,0.0327487,0.03274869088673938,8233778687,5059371630,3174407057,0.3855346588331249,174.4208011773588,3174407057,1247651872,1926755185,0.6069653798025815,105.86738783208614,1926755185,105.86738783208614,6352980990,3250072082,3102908908,0.4884177857425007,170.49226768831605,1880797697,1809299548,71498149,0.038014800376480896,3.9285334890427617,3102908908,1208534141,1894374767,0.6105157525301094,104.08821510829712,71498149,39117731,32380418,0.4528847033508518,1.779172723789018,1024,8,64,100.0,51.16,48.84,100.0,96.2,3.8,100.0,61.45,38.55,100.0,38.95,61.05,100.0,54.71,45.29,100.0,39.3,60.7
429.mcf,Sets: 1024,/home/ssm-user/advcomparch/advcomparch-ex2-helpcode/outputs/L2_cache/429.mcf/429.mcf.cslab_cache_stats_L2_LRU_1024_08_128.out,32,4,32,1024,8,128,1,15,250,18199704597,406001376979,0.0448267,0.04482670658021281,8233778687,5059316024,3174462663,0.3855414122330053,174.42385650167486,3174462663,1846658848,1327803815,0.4182767151355215,72.95743773879012,1327803815,72.95743773879012,6352980990,3250029840,3102951150,0.48842443490453447,170.49458871499945,1880797697,1809286184,71511513,0.038021905872208224,3.929267786675384,3102951150,1791968786,1310982364,0.4224953280363437,72.03316718756521,71511513,54690062,16821451,0.23522717244145008,0.9242705512249254,1024,8,128,100.0,51.16,48.84,100.0,96.2,3.8,100.0,61.45,38.55,100.0,57.75,42.25,100.0,76.48,23.52,100.0,58.17,41.83
429.mcf,Sets:  512,/home/ssm-user/advcomparch/advcomparch-ex2-helpcode/outputs/L2_cache/429.mcf/429.mcf.cslab_cache_stats_L2_LRU_1024_08_256.out,32,4,32,1024,8,256,1,15,250,18199704597,264273805774,0.0688669,0.06886685021126879,8233778687,5059136571,3174642116,0.3855632069650259,174.4337167166604,3174642116,2413759353,760882763,0.23967513036042642,41.80742379331927,760882763,41.80742379331927,6352980990,3249946575,3103034415,0.48843754135017486,170.4991637892572,1880797697,1809189996,71607701,0.038073048002036126,3.93455292740321,3103034415,2350931089,752103326,0.24237672723330075,41.32502931525466,71607701,62828264,8779437,0.12260464834641178,0.4823944780646156,1024,8,256,100.0,51.16,48.84,100.0,96.19,3.81,100.0,61.44,38.56,100.0,75.76,24.24,100.0,87.74,12.26,100.0,76.03,23.97
429.mcf,Sets: 1024,/home/ssm-user/advcomparch/advcomparch-ex2-helpcode/outputs/L2_cache/429.mcf/429.mcf.cslab_cache_stats_L2_LRU_1024_16_064.out,32,4,32,1024,16,64,1,15,250,18199704597,558627810319,0.0325793,0.03257930282168946,8233778687,5059339168,3174439519,0.3855386013729033,174.42258483268284,3174439519,1236128582,1938310937,0.610599422480287,106.502329566355,1938310937,106.502329566355,6352980990,3249977715,3103003275,0.4884326397142265,170.4974527724748,1880797697,1809361453,71436244,0.03798188615072512,3.9251320602080213,3103003275,1197090890,1905912385,0.6142153958893259,104.72216045276727,71436244,39037692,32398552,0.45353101151286734,1.7801691135877287,1024,16,64,100.0,51.16,48.84,100.0,96.2,3.8,100.0,61.45,38.55,100.0,38.58,61.42,100.0,54.65,45.35,100.0,38.94,61.06
429.mcf,Sets:  512,/home/ssm-user/advcomparch/advcomparch-ex2-helpcode/outputs/L2_cache/429.mcf/429.mcf.cslab_cache_stats_L2_LRU_1024_16_128.out,32,4,32,1024,16,128,1,15,250,18199704597,406764744594,0.0447426,0.04474258115748327,8233778687,5059208483,3174570204,0.38555447318643726,174.42976544373633,3174570204,1843719371,1330850833,0.4192223663294989,73.1248590276226,1330850833,73.1248590276226,6352980990,3250078328,3102902662,0.48841680258199544,170.49192449593252,1880797697,1809130155,71667542,0.03810486482108873,3.9378409478038185,3102902662,1788891027,1314011635,0.42347820029682903,72.19961335068037,71667542,54828344,16839198,0.2349626836650823,0.9252456769422366,1024,16,128,100.0,51.16,48.84,100.0,96.19,3.81,100.0,61.44,38.56,100.0,57.65,42.35,100.0,76.5,23.5,100.0,58.08,41.92
429.mcf,Sets:  256,/home/ssm-user/advcomparch/advcomparch-ex2-helpcode/outputs/L2_cache/429.mcf/429.mcf.cslab_cache_stats_L2_LRU_1024_16_256.out,32,4,32,1024,16,256,1,15,250,18199704597,264070245014,0.0689199,0.06891993679952514,8233778687,5059314155,3174464532,0.3855416392247755,174.42395919564936,3174464532,2414385357,760079175,0.23943539684821402,41.763269889846995,760079175,41.763269889846995,6352980990,3249965633,3103015357,0.48843454149860444,170.49811662940368,1880797697,1809348522,71449175,0.03798876142498807,3.9258425662456924,3103015357,2351691913,751323444,0.24212688548418293,41.28217796039649,71449175,62693444,8755731,0.12254488592765417,0.48109192945050744,1024,16,256,100.0,51.16,48.84,100.0,96.2,3.8,100.0,61.45,38.55,100.0,75.79,24.21,100.0,87.75,12.25,100.0,76.06,23.94
429.mcf,Sets: 2048,/home/ssm-user/advcomparch/advcomparch-ex2-helpcode/outputs/L2_cache/429.mcf/429.mcf.cslab_cache_stats_L2_LRU_2048_16_064.out,32,4,32,2048,16,64,1,15,250,18199704597,405014398439,0.0449359,0.044935944665535375,8233778687,5059498060,3174280627,0.3855193037932573,174.4138543613088,3174280627,1850413804,1323866823,0.417060423624606,72.74111598592778,1323866823,72.74111598592778,6352980990,3250129918,3102851072,0.48840868198473864,170.4890898345387,1880797697,1809368142,71429555,0.0379783296810364,3.9247645267700824,3102851072,1810147308,1292703764,0.41661805030389804,71.02883220495164,71429555,40266496,31163059,0.4362768184682097,1.7122837809761402,2048,16,64,100.0,51.16,48.84,100.0,96.2,3.8,100.0,61.45,38.55,100.0,58.34,41.66,100.0,56.37,43.63,100.0,58.29,41.71
429.mcf,Sets: 1024,/home/ssm-user/advcomparch/advcomparch-ex2-helpcode/outputs/L2_cache/429.mcf/429.mcf.cslab_cache_stats_L2_LRU_2048_16_128.out,32,4,32,2048,16,128,1,15,250,18199704597,343129957234,0.0530403,0.05304026714458096,8233778687,5059109657,3174669030,0.38556647569509783,174.43519553187173,3174669030,2098363276,1076305754,0.33902927953406214,59.13863866655374,1076305754,59.13863866655374,6352980990,3250051382,3102929608,0.48842104405541437,170.49340506941417,1880797697,1809058275,71739422,0.03814308264755388,3.9417904624575817,3102929608,2042798414,1060131194,0.3416549287056853,58.249912153780215,71739422,55564862,16174560,0.2254626473015074,0.8887265127735193,2048,16,128,100.0,51.16,48.84,100.0,96.19,3.81,100.0,61.44,38.56,100.0,65.83,34.17,100.0,77.45,22.55,100.0,66.1,33.9
429.mcf,Sets:  512,/home/ssm-user/advcomparch/advcomparch-ex2-helpcode/outputs/L2_cache/429.mcf/429.mcf.cslab_cache_stats_L2_LRU_2048_16_256.out,32,4,32,2048,16,256,1,15,250,18199704597,221793644794,0.0820569,0.08205692554402867,8233778687,5058536703,3175241984,0.38563606148575125,174.4666770318569,3175241984,2584315857,590926127,0.18610428117846403,32.46899551860897,590926127,32.46899551860897,6352980990,3249573534,3103407456,0.4884962603988525,170.51966088018588,1880797697,1808963169,71834528,0.03819364948956549,3.9470161516710034,3103407456,2520806402,582601054,0.18772947550719554,32.011566500702145,71834528,63509455,8325073,0.11589236028668554,0.45742901790682294,2048,16,256,100.0,51.15,48.85,100.0,96.18,3.82,100.0,61.44,38.56,100.0,81.23,18.77,100.0,88.41,11.59,100.0,81.39,18.61
433.milc,Sets: 1024,/home/ssm-user/advcomparch/advcomparch-ex2-helpcode/outputs/L2_cache/433.milc/433.milc.cslab_cache_stats_L2_LRU_0256_04_064.out,32,4,32,256,4,64,1,15,250,38323372715,268768822529,0.142589,0.14258860962515446,13220707774,11830139688,1390568086,0.10518106214666567,36.28511760541689,1390568086,605103203,785464883,0.5648517975552043,20.495713903921725,785464883,20.495713903921725,9656551853,8616784136,1039767717,0.1076748442744576,27.13142511575002,3564155921,3213355552,350800369,0.09842452933472548,9.153692489666875,1039767717,438181096,601586621,0.5785778988558461,15.69764293643538,350800369,166922107,183878262,0.5241678123776432,4.798070967486349,256,4,64,100.0,89.23,10.77,100.0,90.16,9.84,100.0,89.48,10.52,100.0,42.14,57.86,100.0,47.58,52.42,100.0,43.51,56.49
433.milc,Sets:  512,/home/ssm-user/advcomparch/advcomparch-ex2-helpcode/outputs/L2_cache/433.milc/433.milc.cslab_cache_stats_L2_LRU_0256_04_128.out,32,4,32,256,4,128,1,15,250,38323372715,193482369009,0.198072,0.19807165330509963,13220707774,11829840406,1390867368,0.10520369951261582,36.292926991146736,1390867368,906566256,484301112,0.34820078689199646,12.637225736931072,484301112,12.637225736931072,9656551853,8616169934,1040381919,0.10773844896579565,27.147451941065412,3564155921,3213670472,350485449,0.09833617180857336,9.145475050081329,1040381919,656610402,383771517,0.3688756119184344,10.014032946786791,350485449,249955854,100529595,0.2868295824743355,2.6231927901442793,256,4,128,100.0,89.23,10.77,100.0,90.17,9.83,100.0,89.48,10.52,100.0,63.11,36.89,100.0,71.32,28.68,100.0,65.18,34.82
433.milc,Sets:  256,/home/ssm-user/advcomparch/advcomparch-ex2-helpcode/outputs/L2_cache/433.milc/433.milc.cslab_cache_stats_L2_LRU_0256_04_256.out,32,4,32,256,4,256,1,15,250,38323372715,160159324119,0.239283,0.23928280745319172,13220707774,11828286282,1392421492,0.10532125176674373,36.33347989372026,1392421492,1041505807,350915685,0.25201829116840435,9.156701515016955,350915685,9.156701515016955,9656551853,8615800062,1040751791,0.10777675166489886,27.157103283674285,3564155921,3212486220,351669701,0.09866843897820597,9.176376610045972,1040751791,757218996,283532795,0.27243075385685306,7.398430120139805,351669701,284286811,67382890,0.19160846046273403,1.758271394877151,256,4,256,100.0,89.22,10.78,100.0,90.13,9.87,100.0,89.47,10.53,100.0,72.76,27.24,100.0,80.84,19.16,100.0,74.8,25.2
433.milc,Sets: 2048,/home/ssm-user/advcomparch/advcomparch-ex2-helpcode/outputs/L2_cache/433.milc/433.milc.cslab_cache_stats_L2_LRU_0512_04_064.out,32,4,32,512,4,64,1,15,250,38323372715,267868234654,0.143068,0.14306800044619522,13220707774,11831288363,1389419411,0.10509417761524452,36.25514438232553,1389419411,607487959,781931452,0.5627756786823817,20.403513485490993,781931452,20.403513485490993,9656551853,8617659713,1038892140,0.10758417246806866,27.108578039984756,3564155921,3213628650,350527271,0.09834790586312288,9.146566342340781,1038892140,439345297,599546843,0.5771021070580051,15.644417506221568,350527271,168142662,182384609,0.5203150342045713,4.759095979269423,512,4,64,100.0,89.24,10.76,100.0,90.17,9.83,100.0,89.49,10.51,100.0,42.29,57.71,100.0,47.97,52.03,100.0,43.72,56.28
433.milc,Sets: 1024,/home/ssm-user/advcomparch/advcomparch-ex2-helpcode/outputs/L2_cache/433.milc/433.milc.cslab_cache_stats_L2_LRU_0512_04_128.out,32,4,32,512,4,128,1,15,250,38323372715,192835229999,0.198736,0.19873636531664227,13220707774,11831492040,1389215734,0.105078771707824,36.24982968830018,1389215734,907404080,481811654,0.34682277360385844,12.572266475163758,481811654,12.572266475163758,9656551853,8617553244,1038998609,0.10759519803926848,27.11135621404558,3564155921,3213938796,350217125,0.09826088778454425,9.1384734742546,1038998609,656951246,382047363,0.36770729016442794,9.969043326149224,350217125,250452834,99764291,0.2848641139407446,2.6032231490145348,512,4,128,100.0,89.24,10.76,100.0,90.17,9.83,100.0,89.49,10.51,100.0,63.23,36.77,100.0,71.51,28.49,100.0,65.32,34.68
433.milc,Sets:  512,/home/ssm-user/advcomparch/advcomparch-ex2-helpcode/outputs/L2_cache/433.milc/433.milc.cslab_cache_stats_L2_LRU_0512_04_256.out,32,4,32,512,4,256,1,15,250,38323372715,159643070979,0.240057,0.2400565992622454,13220707774,11830371708,1390336066,0.10516351240545921,36.279063336610086,1390336066,1041360268,348975798,0.2510010396292201,9.106082614263455,348975798,9.106082614263455,9656551853,8617127756,1039424097,0.107639260144094,27.122458785918994,3564155921,3213243952,350911969,0.09845584109618419,9.156604550691096,1039424097,757374048,282050049,0.27135223227367605,7.359739736309897,350911969,283986220,66925749,0.1907194821274392,1.7463428779535592,512,4,256,100.0,89.24,10.76,100.0,90.15,9.85,100.0,89.48,10.52,100.0,72.86,27.14,100.0,80.93,19.07,100.0,74.9,25.1
433.milc,Sets: 1024,/home/ssm-user/advcomparch/advcomparch-ex2-helpcode/outputs/L2_cache/433.milc/433.milc.cslab_cache_stats_L2_LRU_0512_08_064.out,32,4,32,512,8,64,1,15,250,38323372715,267851267854,0.143077,0.14307706296125972,13220707774,11831066633,1389641141,0.10511094903200906,36.26093014658092,1389641141,607790860,781850281,0.562627471173869,20.401395430783133,781850281,20.401395430783133,9656551853,8617254649,1039297204,0.10762611953221393,27.119147673378254,3564155921,3213811984,350343937,0.09829646759721543,9.141782473202658,1039297204,439924914,599372290,0.5767092297498377,15.639862766186077,350343937,167865946,182477991,0.5208538573910014,4.761532664597055,512,8,64,100.0,89.24,10.76,100.0,90.17,9.83,100.0,89.49,10.51,100.0,42.33,57.67,100.0,47.91,52.09,100.0,43.74,56.26
433.milc,Sets:  512,/home/ssm-user/advcomparch/advcomparch-ex2-helpcode/outputs/L2_cache/433.milc/433.milc.cslab_cache_stats_L2_LRU_0512_08_128.out,32,4,32,512,8,128,1,15,250,38323372715,192913422104,0.198656,0.19865581304311627,13220707774,11830850983,1389856791,0.10512726056416652,36.2665572609167,1389856791,907770832,482085959,0.3468601672645279,12.579424117630143,482085959,12.579424117630143,9656551853,8617059100,1039492753,0.10764636992831565,27.1242502775111,3564155921,3213791883,350364038,0.0983021073617054,9.142306983405597,1039492753,657351296,382141457,0.3676230121827506,9.97149859021744,350364038,250419536,99944502,0.2852590196485862,2.607925527412704,512,8,128,100.0,89.24,10.76,100.0,90.17,9.83,100.0,89.49,10.51,100.0,63.24,36.76,100.0,71.47,28.53,100.0,65.31,34.69
433.milc,Sets:  256,/home/ssm-user/advcomparch/advcomparch-ex2-helpcode/outputs/L2_cache/433.milc/433.milc.cslab_cache_stats_L2_LRU_0512_08_256.out,32,4,32,512,8,256,1,15,250,38323372715,159596943784,0.240126,0.24012598115204017,13220707774,11830775671,1389932103,0.1051329570821811,36.26852243242078,1389932103,1041116576,348815527,0.2509586808212602,9.101900544976603,348815527,9.101900544976603,9656551853,8617134681,1039417172,0.10763854301440781,27.12227808679182,3564155921,3213640990,350514931,0.0983444436127967,9.146244345628963,1039417172,757501161,281916011,0.2712250851672479,7.3562421840198935,350514931,283615415,66899516,0.19086067406355367,1.74565836095671,512,8,256,100.0,89.24,10.76,100.0,90.17,9.83,100.0,89.49,10.51,100.0,72.88,27.12,100.0,80.91,19.09,100.0,74.9,25.1
433.milc,Sets:  512,/home/ssm-user/advcomparch/advcomparch-ex2-helpcode/outputs/L2_cache/433.milc/433.milc.cslab_cache_stats_L2_LRU_0512_16_064.out,32,4,32,512,16,64,1,15,250,38323373280,267842000716,0.143082,0.14308201543280472,13220707896,11831683860,1389024036,0.10506427090944631,36.24482703679158,1389024036,607173800,781850236,0.5628773986168804,20.40139395578802,781850236,20.40139395578802,9656551975,8617743325,1038808650,0.10757552516564796,27.106399074272723,3564155921,3213940535,350215386,0.09826039987098532,9.138427962518858,1038808650,439490436,599318214,0.5769284015877226,15.638451490719088,350215386,167683364,182532022,0.5211993227504859,4.762942465068932,512,16,64,100.0,89.24,10.76,100.0,90.17,9.83,100.0,89.49,10.51,100.0,42.31,57.69,100.0,47.88,52.12,100.0,43.71,56.29
433.milc,Sets:  256,/home/ssm-user/advcomparch/advcomparch-ex2-helpcode/outputs/L2_cache/433.milc/433.milc.cslab_cache_stats_L2_LRU_0512_16_128.out,32,4,32,512,16,128,1,15,250,38323372715,192932087054,0.198637,0.19863659435910017,13220707774,11830715803,1389991971,0.10513748543278255,36.270084612254095,1389991971,907839463,482152508,0.3468743115495305,12.58116062971886,482152508,12.58116062971886,9656551853,8616898487,1039653366,0.10766300246987344,27.128441270855927,3564155921,3213817316,350338605,0.09829497159083463,9.141643341398169,1039653366,657464962,382188404,0.3676113755784252,9.972723612877871,350338605,250374501,99964104,0.2853356797490245,2.6084370168409903,512,16,128,100.0,89.23,10.77,100.0,90.17,9.83,100.0,89.49,10.51,100.0,63.24,36.76,100.0,71.47,28.53,100.0,65.31,34.69
433.milc,Sets:  128,/home/ssm-user/advcomparch/advcomparch-ex2-helpcode/outputs/L2_cache/433.milc/433.milc.cslab_cache_stats_L2_LRU_0512_16_256.out,32,4,32,512,16,256,1,15,250,38323373356,159588577538,0.240139,0.24013857349455187,13220707912,11830710894,1389997018,0.10513786608494281,36.270215700684886,1389997018,1041218854,348778164,0.2509200807508495,9.100925452466582,348778164,9.100925452466582,9656551991,8616913022,1039638969,0.10766151002645184,27.128065145581232,3564155921,3213797872,350358049,0.09830042701995471,9.142150555103655,1039638969,757790022,281848947,0.27110271488871057,7.354492110644875,350358049,283428832,66929217,0.19103091021037166,1.746433341821706,512,16,256,100.0,89.23,10.77,100.0,90.17,9.83,100.0,89.49,10.51,100.0,72.89,27.11,100.0,80.9,19.1,100.0,74.91,25.09
433.milc,Sets: 2048,/home/ssm-user/advcomparch/advcomparch-ex2-helpcode/outputs/L2_cache/433.milc/433.milc.cslab_cache_stats_L2_LRU_1024_08_064.out,32,4,32,1024,8,64,1,15,250,38323372715,265146769939,0.144536,0.14453644946840846,13220707774,11831673194,1389034580,0.1050650694157004,36.24510270350823,1389034580,617965897,771068683,0.555111221925087,20.120063250544728,771068683,20.120063250544728,9656551853,8617805631,1038746222,0.10756906169123845,27.104770494101853,3564155921,3213867563,350288358,0.09828087372275204,9.140332209406377,1038746222,445219385,593526837,0.571387721494885,15.487333054266646,350288358,172746512,177541846,0.5068448378178757,4.632730196278081,1024,8,64,100.0,89.24,10.76,100.0,90.17,9.83,100.0,89.49,10.51,100.0,42.86,57.14,100.0,49.32,50.68,100.0,44.49,55.51
433.milc,Sets: 1024,/home/ssm-user/advcomparch/advcomparch-ex2-helpcode/outputs/L2_cache/433.milc/433.milc.cslab_cache_stats_L2_LRU_1024_08_128.out,32,4,32,1024,8,128,1,15,250,38323372780,191563641608,0.200056,0.20005556617273848,13220707788,11831713802,1388993986,0.10506199881830411,36.24404339288427,1388993986,912255381,476738605,0.3432258237293765,12.439891648805968,476738605,12.439891648805968,9656551867,8617780630,1038771237,0.10757165200446596,27.10542318295399,3564155921,3213933172,350222749,0.09826246571775613,9.13862020993028,1038771237,659466130,379305107,0.3651478723028986,9.897487603125311,350222749,252789251,97433498,0.278204366444511,2.542404045680658,1024,8,128,100.0,89.24,10.76,100.0,90.17,9.83,100.0,89.49,10.51,100.0,63.49,36.51,100.0,72.18,27.82,100.0,65.68,34.32
433.milc,Sets:  512,/home/ssm-user/advcomparch/advcomparch-ex2-helpcode/outputs/L2_cache/433.milc/433.milc.cslab_cache_stats_L2_LRU_1024_08_256.out,32,4,32,1024,8,256,1,15,250,38323372715,158900593349,0.241178,0.24117828579046763,13220707774,11831425350,1389282424,0.10508381606710794,36.25156987960578,1389282424,1043213318,346069106,0.24909917524444258,9.030236158326076,346069106,9.030236158326076,9656551853,8617582766,1038969087,0.1075921408403377,27.11058587474847,3564155921,3213842584,350313337,0.09828788211423481,9.140984004857309,1038969087,758595799,280373288,0.26985719932204294,7.315986776139361,350313337,284617519,65695818,0.18753444719691045,1.714249382186716,1024,8,256,100.0,89.24,10.76,100.0,90.17,9.83,100.0,89.49,10.51,100.0,73.01,26.99,100.0,81.25,18.75,100.0,75.09,24.91
433.milc,Sets: 1024,/home/ssm-user/advcomparch/advcomparch-ex2-helpcode/outputs/L2_cache/433.milc/433.milc.cslab_cache_stats_L2_LRU_1024_16_064.out,32,4,32,1024,16,64,1,15,250,38323372715,265755206559,0.144206,0.14420553866549318,13220707774,11831265436,1389442338,0.10509591178866337,36.2557426334286,1389442338,615964374,773477964,0.556682305444474,20.182930394778538,773477964,20.182930394778538,9656551853,8617355412,1039196441,0.1076156848551642,27.11651839017948,3564155921,3213910024,350245897,0.09826896038311675,9.139224243249124,1039196441,443578621,595617820,0.573152290077945,15.541894614272078,350245897,172385753,177860144,0.5078150679949293,4.64103578050646,1024,16,64,100.0,89.24,10.76,100.0,90.17,9.83,100.0,89.49,10.51,100.0,42.68,57.32,100.0,49.22,50.78,100.0,44.33,55.67
433.milc,Sets:  512,/home/ssm-user/advcomparch/advcomparch-ex2-helpcode/outputs/L2_cache/433.milc/433.milc.cslab_cache_stats_L2_LRU_1024_16_128.out,32,4,32,1024,16,128,1,15,250,38323372715,191782111939,0.199828,0.19982767072243676,13220707774,11831644244,1389063530,0.10506725916230815,36.2458581171879,1389063530,911455216,477608314,0.34383475174817957,12.46258562762304,477608314,12.46258562762304,9656551853,8617746453,1038805400,0.10757518996568888,27.106314669256793,3564155921,3213897791,350258130,0.09827239261230962,9.139543447931107,1038805400,658795480,380009920,0.36581434790385187,9.915878824810786,350258130,252659736,97598394,0.2786470481070632,2.5467068028122535,1024,16,128,100.0,89.24,10.76,100.0,90.17,9.83,100.0,89.49,10.51,100.0,63.42,36.58,100.0,72.14,27.86,100.0,65.62,34.38
433.milc,Sets:  256,/home/ssm-user/advcomparch/advcomparch-ex2-helpcode/outputs/L2_cache/433.milc/433.milc.cslab_cache_stats_L2_LRU_1024_16_256.out,32,4,32,1024,16,256,1,15,250,38323372715,159047135819,0.240956,0.2409560695177375,13220707774,11830879052,1389828722,0.10512513745544347,36.265824835819124,1389828722,1043206224,346622498,0.24939943499023473,9.04467622350811,346622498,9.04467622350811,9656551853,8617157834,1039394019,0.10763614536767506,27.12167393850424,3564155921,3213721218,350434703,0.0983219339353925,9.144150897314884,1039394019,758595824,280798195,0.2701556771224792,7.327074187551711,350434703,284610400,65824303,0.18783614304317345,1.7176020359564015,1024,16,256,100.0,89.24,10.76,100.0,90.17,9.83,100.0,89.49,10.51,100.0,72.98,27.02,100.0,81.22,18.78,100.0,75.06,24.94
433.milc,Sets: 2048,/home/ssm-user/advcomparch/advcomparch-ex2-helpcode/outputs/L2_cache/433.milc/433.milc.cslab_cache_stats_L2_LRU_2048_16_064.out,32,4,32,2048,16,64,1,15,250,38323372715,250378259959,0.153062,0.1530619021047416,13220707774,11831404676,1389303098,0.10508537982604985,36.25210934151989,1389303098,677324566,711978532,0.512471708315445,18.578180404287,711978532,18.578180404287,9656551853,8617501912,1039049941,0.10760051380837338,27.112695657741774,3564155921,3213902764,350253157,0.0982709973310396,9.139413683778118,1039049941,483913421,555136520,0.5342731836986843,14.485586227715187,350253157,193411145,156842012,0.4477961407782543,4.09259417657181,2048,16,64,100.0,89.24,10.76,100.0,90.17,9.83,100.0,89.49,10.51,100.0,46.57,53.43,100.0,55.22,44.78,100.0,48.75,51.25
433.milc,Sets: 1024,/home/ssm-user/advcomparch/advcomparch-ex2-helpcode/outputs/L2_cache/433.milc/433.milc.cslab_cache_stats_L2_LRU_2048_16_128.out,32,4,32,2048,16,128,1,15,250,38323372715,184646875704,0.20755,0.20754953241903026,13220707774,11831755443,1388952331,0.10505884819052805,36.24295651975212,1388952331,939878290,449074041,0.3233185408722281,11.718019818861864,449074041,11.718019818861864,9656551853,8617871440,1038680413,0.10756224673275205,27.10305329137835,3564155921,3213884003,350271918,0.09827626112993501,9.139903228373775,1038680413,677205128,361475285,0.3480139612491181,9.432240937878529,350271918,262673162,87598756,0.25008786459438637,2.2857788809833357,2048,16,128,100.0,89.24,10.76,100.0,90.17,9.83,100.0,89.49,10.51,100.0,65.2,34.8,100.0,74.99,25.01,100.0,67.67,32.33
433.milc,Sets:  512,/home/ssm-user/advcomparch/advcomparch-ex2-helpcode/outputs/L2_cache/433.milc/433.milc.cslab_cache_stats_L2_LRU_2048_16_256.out,32,4,32,2048,16,256,1,15,250,38323372715,155818353054,0.245949,0.24594902951976877,13220707774,11831252553,1389455221,0.10509688624481353,36.25607879903949,1389455221,1055725444,333729777,0.2401875007960404,8.7082569554056,333729777,8.7082569554056,9656551853,8617417616,1039134237,0.10760924321834116,27.114895255377057,3564155921,3213834937,350320984,0.09829002764326594,9.141183543662436,1039134237,766605391,272528846,0.2622652938342171,7.111295971435482,350320984,289120053,61200931,0.1746995863656286,1.5969609839701187,2048,16,256,100.0,89.24,10.76,100.0,90.17,9.83,100.0,89.49,10.51,100.0,73.77,26.23,100.0,82.53,17.47,100.0,75.98,24.02
444.namd,Sets: 1024,/home/ssm-user/advcomparch/advcomparch-ex2-helpcode/outputs/L2_cache/444.namd/444.namd.cslab_cache_stats_L2_LRU_0256_04_064.out,32,4,32,256,4,64,1,15,250,60533954482,89966877881,0.672847,0.6728471178256159,17653016074,17056916619,596099455,0.03376756994392345,9.84735691069468,596099455,584745793,11353662,0.01904659013654022,0.1875585710062285,11353662,0.1875585710062285,13926612416,13359360152,567252264,0.040731532339357376,9.370811288541782,3726403658,3697556467,28847191,0.007741295266837139,0.47654562215289964,567252264,557638491,9613773,0.01694796761533948,0.1588162062476637,28847191,27107302,1739889,0.06031398343083041,0.02874236475856476,256,4,64,100.0,95.93,4.07,100.0,99.23,0.77,100.0,96.62,3.38,100.0,98.31,1.69,100.0,93.97,6.03,100.0,98.1,1.9
444.namd,Sets:  512,/home/ssm-user/advcomparch/advcomparch-ex2-helpcode/outputs/L2_cache/444.namd/444.namd.cslab_cache_stats_L2_LRU_0256_04_128.out,32,4,32,256,4,128,1,15,250,60533954482,88632134731,0.68298,0.6829797642324824,17653016074,17065510879,587505195,0.03328072622475538,9.705382706736875,587505195,580974850,6530345,0.011115382562702275,0.10787904170281527,6530345,0.10787904170281527,13926612416,13365181267,561431149,0.04031354734587022,9.274648481241114,3726403658,3700329612,26074046,0.006997107236094281,0.4307342254957623,561431149,555823220,5607929,0.009988631749393727,0.0926410482841913,26074046,25151630,922416,0.03537678809034854,0.015237993418623988,256,4,128,100.0,95.97,4.03,100.0,99.3,0.7,100.0,96.67,3.33,100.0,99.0,1.0,100.0,96.46,3.54,100.0,98.89,1.11
444.namd,Sets:  256,/home/ssm-user/advcomparch/advcomparch-ex2-helpcode/outputs/L2_cache/444.namd/444.namd.cslab_cache_stats_L2_LRU_0256_04_256.out,32,4,32,256,4,256,1,15,250,60533957217,88161983111,0.686622,0.6866220005598667,17653016544,17053438054,599578490,0.03396464782693403,9.904828918596088,599578490,595653162,3925328,0.00654681257828312,0.06484505855000727,3925328,0.06484505855000727,13926612886,13357407807,569205079,0.04087175278435466,9.403070692364183,3726403658,3696030247,30373411,0.008150864422535944,0.5017582262319059,569205079,565796200,3408879,0.005988841501535513,0.05631350000430288,30373411,29856962,516449,0.017003325704840987,0.008531558545704384,256,4,256,100.0,95.91,4.09,100.0,99.18,0.82,100.0,96.6,3.4,100.0,99.4,0.6,100.0,98.3,1.7,100.0,99.35,0.65
444.namd,Sets: 2048,/home/ssm-user/advcomparch/advcomparch-ex2-helpcode/outputs/L2_cache/444.namd/444.namd.cslab_cache_stats_L2_LRU_0512_04_064.out,32,4,32,512,4,64,1,15,250,60533954892,89251677714,0.678239,0.6782388459517401,17653016132,17065521786,587494346,0.03328011154620974,9.705203419273728,587494346,578485180,9009166,0.015334898218748134,0.148828306626809,9009166,0.148828306626809,13926612474,13366398702,560213772,0.040226133458217454,9.254537771396071,3726403658,3699123084,27280574,0.007320885363944112,0.45066564787765623,560213772,552880883,7332889,0.013089447933100795,0.12113679030360355,27280574,25604297,1676277,0.061445811220834284,0.027691516323205444,512,4,64,100.0,95.98,4.02,100.0,99.27,0.73,100.0,96.67,3.33,100.0,98.69,1.31,100.0,93.86,6.14,100.0,98.47,1.53
444.namd,Sets: 1024,/home/ssm-user/advcomparch/advcomparch-ex2-helpcode/outputs/L2_cache/444.namd/444.namd.cslab_cache_stats_L2_LRU_0512_04_128.out,32,4,32,512,4,128,1,15,250,60533954482,88281517296,0.685692,0.685692275530733,17653016074,17061588408,591427666,0.03350292457225346,9.770180571564397,591427666,586535139,4892527,0.008272401311710028,0.08082285457585314,4892527,0.08082285457585314,13926612416,13361279502,565332914,0.04059371346835937,9.339104290107198,3726403658,3700308906,26094752,0.007002663799982777,0.43107628145720056,565332914,561322103,4010811,0.00709460019163151,0.06625721108626118,26094752,25213036,881716,0.03378901627423016,0.01456564348959197,512,4,128,100.0,95.94,4.06,100.0,99.3,0.7,100.0,96.65,3.35,100.0,99.29,0.71,100.0,96.62,3.38,100.0,99.17,0.83
444.namd,Sets:  512,/home/ssm-user/advcomparch/advcomparch-ex2-helpcode/outputs/L2_cache/444.namd/444.namd.cslab_cache_stats_L2_LRU_0512_04_256.out,32,4,32,512,4,256,1,15,250,60533954482,87781916806,0.689595,0.6895948127423714,17653016074,17058827674,594188400,0.0336593133722425,9.815786942792316,594188400,591459919,2728481,0.004591945921529266,0.0450735628185554,2728481,0.0450735628185554,13926612416,13359462460,567149956,0.04072418611638915,9.369121195752115,3726403658,3699365214,27038444,0.007255908506302781,0.4466657470402001,567149956,564900369,2249587,0.0039664765485761585,0.03716239950371858,27038444,26559550,478894,0.01771159612587174,0.007911163314836815,512,4,256,100.0,95.93,4.07,100.0,99.27,0.73,100.0,96.63,3.37,100.0,99.6,0.4,100.0,98.23,1.77,100.0,99.54,0.46
444.namd,Sets: 1024,/home/ssm-user/advcomparch/advcomparch-ex2-helpcode/outputs/L2_cache/444.namd/444.namd.cslab_cache_stats_L2_LRU_0512_08_064.out,32,4,32,512,8,64,1,15,250,60533957217,89360364331,0.677414,0.6774139482329771,17653016544,17058629406,594387138,0.033670570495331203,9.819069582205932,594387138,585356804,9030334,0.015192680700301426,0.14917798893649686,9030334,0.14917798893649686,13926612886,13359836489,566776397,0.040697361349776806,9.362949707190626,3726403658,3698792917,27610741,0.007409487413078317,0.4561198750153073,566776397,559417232,7359165,0.012984247472112005,0.12157085606710172,27610741,25939572,1671169,0.06052604672942316,0.027607132869395142,512,8,64,100.0,95.93,4.07,100.0,99.26,0.74,100.0,96.63,3.37,100.0,98.7,1.3,100.0,93.95,6.05,100.0,98.48,1.52
444.namd,Sets:  512,/home/ssm-user/advcomparch/advcomparch-ex2-helpcode/outputs/L2_cache/444.namd/444.namd.cslab_cache_stats_L2_LRU_0512_08_128.out,32,4,32,512,8,128,1,15,250,60533956085,88313399366,0.685445,0.6854447515277633,17653016326,17059253429,593762897,0.03363520919229449,9.808757520593163,593762897,588882963,4879934,0.008218657690899807,0.08061482043479432,4879934,0.08061482043479432,13926612668,13360279021,566333647,0.04066557033651824,9.355635805543107,3726403658,3698974408,27429250,0.007360783349681866,0.45312171505005644,566333647,562334412,3999235,0.007061623516781796,0.06606597781886898,27429250,26548551,880699,0.03210802336921352,0.014548842615925322,512,8,128,100.0,95.93,4.07,100.0,99.26,0.74,100.0,96.64,3.36,100.0,99.29,0.71,100.0,96.79,3.21,100.0,99.18,0.82
444.namd,Sets:  256,/home/ssm-user/advcomparch/advcomparch-ex2-helpcode/outputs/L2_cache/444.namd/444.namd.cslab_cache_stats_L2_LRU_0512_08_256.out,32,4,32,512,8,256,1,15,250,60533955144,87829992168,0.689217,0.6892173578725987,17653016194,17054759372,598256822,0.033889779255022644,9.882995759600519,598256822,595580148,2676674,0.00447412198502268,0.0442177286059146,2676674,0.0442177286059146,13926612536,13358397919,568214617,0.040800633717006,9.386708924740072,3726403658,3696361453,30042205,0.008061983552292875,0.4962868348604465,568214617,566010952,2203665,0.0038782265258058292,0.03640378354194526,30042205,29569196,473009,0.015744816334220472,0.007813945063969336,512,8,256,100.0,95.92,4.08,100.0,99.19,0.81,100.0,96.61,3.39,100.0,99.61,0.39,100.0,98.43,1.57,100.0,99.55,0.45
444.namd,Sets:  512,/home/ssm-user/advcomparch/advcomparch-ex2-helpcode/outputs/L2_cache/444.namd/444.namd.cslab_cache_stats_L2_LRU_0512_16_064.out,32,4,32,512,16,64,1,15,250,60533954892,89243630354,0.6783,0.6783000047385096,17653016132,17065805510,587210622,0.03326403927856559,9.700516396915678,587210622,578216622,8994000,0.015316480429742634,0.14857776955175653,8994000,0.14857776955175653,13926612474,13364849333,561763141,0.040337385853794094,9.280132811448622,3726403658,3700956177,25447481,0.006828965226396845,0.4203835854670561,561763141,554436530,7326611,0.013042171095379858,0.12103307991476144,25447481,23780092,1667389,0.0655227525270576,0.02754468963699508,512,16,64,100.0,95.97,4.03,100.0,99.32,0.68,100.0,96.67,3.33,100.0,98.7,1.3,100.0,93.45,6.55,100.0,98.47,1.53
444.namd,Sets:  256,/home/ssm-user/advcomparch/advcomparch-ex2-helpcode/outputs/L2_cache/444.namd/444.namd.cslab_cache_stats_L2_LRU_0512_16_128.out,32,4,32,512,16,128,1,15,250,60533955144,88280438733,0.685701,0.6857006604496164,17653016194,17061522551,591493643,0.03350666177947766,9.771270381935842,591493643,586609392,4884251,0.008257486885619834,0.08068613703468072,4884251,0.08068613703468072,13926612536,13361534015,565078521,0.04057544643676155,9.334901703610381,3726403658,3699988536,26415122,0.007088636772693936,0.43636867832546067,565078521,561073453,4005068,0.0070876309241278,0.06616233798820222,26415122,25535939,879183,0.03328332157617898,0.014523799046478509,512,16,128,100.0,95.94,4.06,100.0,99.29,0.71,100.0,96.65,3.35,100.0,99.29,0.71,100.0,96.67,3.33,100.0,99.17,0.83
444.namd,Sets:  128,/home/ssm-user/advcomparch/advcomparch-ex2-helpcode/outputs/L2_cache/444.namd/444.namd.cslab_cache_stats_L2_LRU_0512_16_256.out,32,4,32,512,16,256,1,15,250,60533955477,87741727421,0.689911,0.6899106873807898,17653016254,17060559308,592456946,0.03356123041385378,9.787183760445082,592456946,589785340,2671606,0.004509367335529559,0.04413400675617641,2671606,0.04413400675617641,13926612596,13361982531,564630065,0.04054324489231308,9.327493314302455,3726403658,3698576777,27826881,0.007467489717669229,0.45969044614262616,564630065,562432047,2198018,0.0038928461947912744,0.036310496855523365,27826881,27353293,473588,0.01701908309450851,0.007823509900653043,512,16,256,100.0,95.95,4.05,100.0,99.25,0.75,100.0,96.64,3.36,100.0,99.61,0.39,100.0,98.3,1.7,100.0,99.55,0.45
444.namd,Sets: 2048,/home/ssm-user/advcomparch/advcomparch-ex2-helpcode/outputs/L2_cache/444.namd/444.namd.cslab_cache_stats_L2_LRU_1024_08_064.out,32,4,32,1024,8,64,1,15,250,60533957211,88744500935,0.682115,0.682115022037675,17653016544,17064555232,588461312,0.03333488701680333,9.721176990772827,588461312,581538882,6922430,0.011763611063015813,0.11435614519418999,6922430,0.11435614519418999,13926612886,13365475052,561137834,0.04029248451101091,9.26980260094465,3726403658,3699080180,27323478,0.007332398877760011,0.4513743898281753,561137834,555852224,5285610,0.009419450409041569,0.0873164459012027,27323478,25686658,1636820,0.05990525803486657,0.027039699292987295,1024,8,64,100.0,95.97,4.03,100.0,99.27,0.73,100.0,96.67,3.33,100.0,99.06,0.94,100.0,94.01,5.99,100.0,98.82,1.18
444.namd,Sets: 1024,/home/ssm-user/advcomparch/advcomparch-ex2-helpcode/outputs/L2_cache/444.namd/444.namd.cslab_cache_stats_L2_LRU_1024_08_128.out,32,4,32,1024,8,128,1,15,250,60533956085,87991920221,0.687949,0.6879490291036184,17653016326,17060544322,592472004,0.03356208327567147,9.787432415090603,592472004,588800533,3671471,0.006196868333376981,0.06065142999814234,3671471,0.06065142999814234,13926612668,13360399641,566213027,0.04065690922107865,9.353643204897104,3726403658,3700144681,26258977,0.007046734441564355,0.43378921019349725,566213027,563387049,2825978,0.004991015510492661,0.04668417831525574,26258977,25413484,845493,0.0321982459560401,0.013967251682886603,1024,8,128,100.0,95.93,4.07,100.0,99.3,0.7,100.0,96.64,3.36,100.0,99.5,0.5,100.0,96.78,3.22,100.0,99.38,0.62
444.namd,Sets:  512,/home/ssm-user/advcomparch/advcomparch-ex2-helpcode/outputs/L2_cache/444.namd/444.namd.cslab_cache_stats_L2_LRU_1024_08_256.out,32,4,32,1024,8,256,1,15,250,60533956104,87649605958,0.690636,0.6906358042614213,17653016254,17055131764,597884490,0.033868687446799654,9.876844807116326,597884490,595907025,1977465,0.0033074365250719247,0.032667037267523506,1977465,0.032667037267523506,13926612596,13357830061,568782535,0.040841412876191134,9.396090584643213,3726403658,3697301703,29101955,0.007809662524757,0.4807542224731118,568782535,567245108,1537427,0.0027030137273817666,0.025397761834013172,29101955,28661917,440038,0.015120564924246498,0.007269275433510331,1024,8,256,100.0,95.92,4.08,100.0,99.22,0.78,100.0,96.61,3.39,100.0,99.73,0.27,100.0,98.49,1.51,100.0,99.67,0.33
444.namd,Sets: 1024,/home/ssm-user/advcomparch/advcomparch-ex2-helpcode/outputs/L2_cache/444.namd/444.namd.cslab_cache_stats_L2_LRU_1024_16_064.out,32,4,32,1024,16,64,1,15,250,60533957213,88653422667,0.682816,0.682815794268628,17653016544,17068714600,584301944,0.03309926904241166,9.652465672185032,584301944,577494265,6807679,0.011650960723142827,0.11246049842811223,6807679,0.11246049842811223,13926612886,13368667121,557945765,0.040063278096922325,9.217070726712347,3726403658,3700047479,26356179,0.007072819108959774,0.4353949454726853,557945765,552774111,5171654,0.00926909804575719,0.0854339322605752,26356179,24720154,1636025,0.062073679193027184,0.02702656616753703,1024,16,64,100.0,95.99,4.01,100.0,99.29,0.71,100.0,96.69,3.31,100.0,99.07,0.93,100.0,93.79,6.21,100.0,98.83,1.17
444.namd,Sets:  512,/home/ssm-user/advcomparch/advcomparch-ex2-helpcode/outputs/L2_cache/444.namd/444.namd.cslab_cache_stats_L2_LRU_1024_16_128.out,32,4,32,1024,16,128,1,15,250,60533954484,87903939663,0.688638,0.6886375595459187,17653016074,17065660817,587355257,0.033272232605343746,9.702905782493469,587355257,583728696,3626561,0.006174390978507919,0.05990953392873998,3626561,0.05990953392873998,13926612416,13364624665,561987751,0.04035351413631241,9.283843353543697,3726403658,3701036152,25367506,0.006807503514961395,0.4190624289497723,561987751,559205868,2781883,0.00495007763968151,0.04595574539468245,25367506,24522828,844678,0.033297636748366194,0.013953788534057536,1024,16,128,100.0,95.96,4.04,100.0,99.32,0.68,100.0,96.67,3.33,100.0,99.5,0.5,100.0,96.67,3.33,100.0,99.38,0.62
444.namd,Sets:  256,/home/ssm-user/advcomparch/advcomparch-ex2-helpcode/outputs/L2_cache/444.namd/444.namd.cslab_cache_stats_L2_LRU_1024_16_256.out,32,4,32,1024,16,256,1,15,250,60533956110,87500721859,0.691811,0.6918109339434404,17653016254,17064548221,588468033,0.03333526829255929,9.721288196176346,588468033,586521117,1946916,0.003308448192291186,0.03216237835938127,1946916,0.03216237835938127,13926612596,13366021401,560591195,0.04025323395302982,9.260772482494206,3726403658,3698526820,27876838,0.007480895941091307,0.46051571368214017,560591195,559082347,1508848,0.002691529965967446,0.024925646644639893,27876838,27438770,438068,0.01571440778182949,0.007236731714741385,1024,16,256,100.0,95.97,4.03,100.0,99.25,0.75,100.0,96.67,3.33,100.0,99.73,0.27,100.0,98.43,1.57,100.0,99.67,0.33
444.namd,Sets: 2048,/home/ssm-user/advcomparch/advcomparch-ex2-helpcode/outputs/L2_cache/444.namd/444.namd.cslab_cache_stats_L2_LRU_2048_16_064.out,32,4,32,2048,16,64,1,15,250,60533956087,88368863248,0.685015,0.6850145386290236,17653016326,17068498187,584518139,0.03311151636670163,9.656037318293302,584518139,578861664,5656475,0.0096771590522018,0.09344300894312042,5656475,0.09344300894312042,13926612668,13367271133,559341535,0.04016350194654527,9.2401285353977,3726403658,3701227054,25176604,0.006756273960269926,0.4159087828956022,559341535,555315659,4025876,0.007197527356876868,0.06650607791458353,25176604,23546005,1630599,0.06476643950868036,0.026936931028536892,2048,16,64,100.0,95.98,4.02,100.0,99.32,0.68,100.0,96.69,3.31,100.0,99.28,0.72,100.0,93.52,6.48,100.0,99.03,0.97
444.namd,Sets: 1024,/home/ssm-user/advcomparch/advcomparch-ex2-helpcode/outputs/L2_cache/444.namd/444.namd.cslab_cache_stats_L2_LRU_2048_16_128.out,32,4,32,2048,16,128,1,15,250,60533956104,87825061203,0.689256,0.6892560651233822,17653016254,17059898631,593117623,0.03359865614272039,9.798097814406807,593117623,590152325,2965298,0.004999510864306253,0.04898569647266218,2965298,0.04898569647266218,13926612596,13360863482,565749114,0.040623598172214136,9.345979519792463,3726403658,3699035149,27368509,0.007344483183201083,0.45211829461434333,565749114,563624200,2124914,0.0037559298767191707,0.035102843705594,27368509,26528125,840384,0.03070623978821791,0.013882852767068177,2048,16,128,100.0,95.94,4.06,100.0,99.27,0.73,100.0,96.64,3.36,100.0,99.62,0.38,100.0,96.93,3.07,100.0,99.5,0.5
444.namd,Sets:  512,/home/ssm-user/advcomparch/advcomparch-ex2-helpcode/outputs/L2_cache/444.namd/444.namd.cslab_cache_stats_L2_LRU_2048_16_256.out,32,4,32,2048,16,256,1,15,250,60533954898,87557532165,0.691362,0.6913620496284119,17653016132,17054366073,598650059,0.03391205528412871,9.889491939007259,598650059,597086818,1563241,0.0026112767826520834,0.025824200692554592,1563241,0.025824200692554592,13926612474,13357904263,568708211,0.04083607640133148,9.394862965062766,3726403658,3696461810,29941848,0.008035052224071212,0.49462897394449373,568708211,567580189,1128022,0.0019834811212177134,0.018634533327629467,29941848,29506629,435219,0.014535475565836817,0.007189667364925125,2048,16,256,100.0,95.92,4.08,100.0,99.2,0.8,100.0,96.61,3.39,100.0,99.8,0.2,100.0,98.55,1.45,100.0,99.74,0.26
450.soplex,Sets: 1024,/home/ssm-user/advcomparch/advcomparch-ex2-helpcode/outputs/L2_cache/450.soplex/450.soplex.cslab_cache_stats_L2_LRU_0256_04_064.out,32,4,32,256,4,64,1,15,250,7439206657,64717598664,0.114949,0.11494874362725938,2639091287,2252360839,386730448,0.14653924625684991,51.98544224283673,386730448,191377072,195353376,0.5051409244094481,26.259974350380517,195353376,26.259974350380517,2176658360,1814966434,361691926,0.1661684408755814,48.61969060365626,462432927,437394405,25038522,0.05414519714769359,3.365751639180468,361691926,178870249,182821677,0.5054624221830155,24.575426578312893,25038522,12506823,12531699,0.5004967545608323,1.6845477720676258,256,4,64,100.0,83.38,16.62,100.0,94.59,5.41,100.0,85.35,14.65,100.0,49.45,50.55,100.0,49.95,50.05,100.0,49.49,50.51
450.soplex,Sets:  512,/home/ssm-user/advcomparch/advcomparch-ex2-helpcode/outputs/L2_cache/450.soplex/450.soplex.cslab_cache_stats_L2_LRU_0256_04_128.out,32,4,32,256,4,128,1,15,250,7436997166,42633888333,0.174439,0.17443863219587047,2638569742,2251878147,386691595,0.14655348647593186,51.99566254614867,386691595,279659805,107031790,0.2767885089408266,14.391801907538875,107031790,14.391801907538875,2176127065,1814474535,361652530,0.166190906687703,48.628837947307616,462442677,437403612,25039065,0.054145229766499256,3.366824598841053,361652530,261239263,100413267,0.27765122229339856,13.501856294777562,25039065,18420542,6618523,0.26432788125275447,0.8899456127613105,256,4,128,100.0,83.38,16.62,100.0,94.59,5.41,100.0,85.34,14.66,100.0,72.23,27.77,100.0,73.57,26.43,100.0,72.32,27.68
450.soplex,Sets:  256,/home/ssm-user/advcomparch/advcomparch-ex2-helpcode/outputs/L2_cache/450.soplex/450.soplex.cslab_cache_stats_L2_LRU_0256_04_256.out,32,4,32,256,4,256,1,15,250,7436145012,31018579170,0.239732,0.23973196745233125,2638655483,2251780788,386874695,0.14661811573830233,52.026244025053984,386874695,326312062,60562633,0.15654327817951494,8.144358791049354,60562633,8.144358791049354,2176164146,1814343202,361820944,0.16626546516036572,48.65705865285243,462491337,437437586,25053751,0.054171287104562565,3.369185372201561,361820944,304791328,57029616,0.15761833842321743,7.669244737423633,25053751,21520734,3533017,0.1410174867627606,0.47511405362572023,256,4,256,100.0,83.37,16.63,100.0,94.58,5.42,100.0,85.34,14.66,100.0,84.24,15.76,100.0,85.9,14.1,100.0,84.35,15.65
450.soplex,Sets: 2048,/home/ssm-user/advcomparch/advcomparch-ex2-helpcode/outputs/L2_cache/450.soplex/450.soplex.cslab_cache_stats_L2_LRU_0512_04_064.out,32,4,32,512,4,64,1,15,250,7436121487,62294687120,0.11937,0.11937007521485084,2638362773,2251756449,386606324,0.14653266334576195,51.99031843090166,386606324,200921892,185684432,0.48029331253256996,24.970602258800884,185684432,24.970602258800884,2175929846,1814353149,361576697,0.1661711188275139,48.624366564225284,462432927,437403300,25029627,0.05412596192571728,3.3659518666763817,361576697,188080015,173496682,0.47983369348606003,23.3316094019323,25029627,12841877,12187750,0.486932945504941,1.638992856868585,512,4,64,100.0,83.38,16.62,100.0,94.59,5.41,100.0,85.35,14.65,100.0,52.02,47.98,100.0,51.31,48.69,100.0,51.97,48.03
450.soplex,Sets: 1024,/home/ssm-user/advcomparch/advcomparch-ex2-helpcode/outputs/L2_cache/450.soplex/450.soplex.cslab_cache_stats_L2_LRU_0512_04_128.out,32,4,32,512,4,128,1,15,250,7444219955,40684848190,0.182973,0.18297278437012154,2639871385,2253285145,386586240,0.14644131611737593,51.931060922017046,386586240,287378387,99207853,0.2566254117063246,13.326829889458848,99207853,13.326829889458848,2177438458,1815884686,361553772,0.16604546074385537,48.568389191289015,462432927,437400459,25032468,0.054132105519380545,3.3626717307280316,361553772,268754406,92799366,0.2566682280388434,12.465962392429068,25032468,18623981,6408487,0.2560069985907902,0.8608674970297812,512,4,128,100.0,83.4,16.6,100.0,94.59,5.41,100.0,85.36,14.64,100.0,74.33,25.67,100.0,74.4,25.6,100.0,74.34,25.66
450.soplex,Sets:  512,/home/ssm-user/advcomparch/advcomparch-ex2-helpcode/outputs/L2_cache/450.soplex/450.soplex.cslab_cache_stats_L2_LRU_0512_04_256.out,32,4,32,512,4,256,1,15,250,7451797657,29260069580,0.254675,0.2546746389862823,2641294113,2254680059,386614054,0.1463729662278621,51.88198496463818,386614054,333142986,53471068,0.138306063752147,7.175593120107179,53471068,7.175593120107179,2178851436,1817273612,361577824,0.1659488196514193,48.52222787616145,462442677,437406447,25036230,0.054139099276946705,3.3597570884767247,361577824,311491777,50086047,0.13852079324422287,6.721337495382827,25036230,21651209,3385021,0.13520490105738764,0.4542556247243524,512,4,256,100.0,83.41,16.59,100.0,94.59,5.41,100.0,85.36,14.64,100.0,86.15,13.85,100.0,86.48,13.52,100.0,86.17,13.83
450.soplex,Sets: 1024,/home/ssm-user/advcomparch/advcomparch-ex2-helpcode/outputs/L2_cache/450.soplex/450.soplex.cslab_cache_stats_L2_LRU_0512_08_064.out,32,4,32,512,8,64,1,15,250,7439239177,62255589261,0.119495,0.11949512108562291,2638720119,2252163338,386556781,0.14649404391796356,51.961870266938455,386556781,201039668,185517113,0.47992202470249773,24.93764598583762,185517113,24.93764598583762,2176287192,1814765306,361521886,0.1661186480024094,48.59662089071182,462432927,437398032,25034895,0.05413735384807492,3.3652493762266356,361521886,188219456,173302430,0.47936912455695696,23.29571961280685,25034895,12820212,12214683,0.4879063003859213,1.6419263730307672,512,8,64,100.0,83.39,16.61,100.0,94.59,5.41,100.0,85.35,14.65,100.0,52.06,47.94,100.0,51.21,48.79,100.0,52.01,47.99
450.soplex,Sets:  512,/home/ssm-user/advcomparch/advcomparch-ex2-helpcode/outputs/L2_cache/450.soplex/450.soplex.cslab_cache_stats_L2_LRU_0512_08_128.out,32,4,32,512,8,128,1,15,250,7444796254,40641458579,0.183182,0.18318230974728916,2640396815,2253700131,386696684,0.14645400335403752,51.941876017390335,386696684,287673423,99023261,0.25607476116862693,13.301003495803661,99023261,13.301003495803661,2177624883,1815962582,361662301,0.16608108394764334,48.579207363221414,462771932,437737549,25034383,0.05409658898673224,3.3626686541689206,361662301,269045436,92616865,0.25608658890880637,12.440483505540943,25034383,18627987,6406396,0.25590389026164534,0.8605199902627181,512,8,128,100.0,83.39,16.61,100.0,94.59,5.41,100.0,85.35,14.65,100.0,74.39,25.61,100.0,74.41,25.59,100.0,74.39,25.61
450.soplex,Sets:  256,/home/ssm-user/advcomparch/advcomparch-ex2-helpcode/outputs/L2_cache/450.soplex/450.soplex.cslab_cache_stats_L2_LRU_0512_08_256.out,32,4,32,512,8,256,1,15,250,7450680202,29203586107,0.255129,0.2551289480237531,2641444890,2254820039,386624851,0.1463686986102519,51.89121536798983,386624851,333376498,53248353,0.13772615201085459,7.146777415799761,53248353,7.146777415799761,2179002213,1817414485,361587728,0.16594188195071832,48.53083452742185,462442677,437405554,25037123,0.054141030327095004,3.3603808405679847,361587728,311733714,49854014,0.1378752931570731,6.691203037625692,25037123,21642784,3394339,0.13557224606038001,0.4555743781740694,512,8,256,100.0,83.41,16.59,100.0,94.59,5.41,100.0,85.36,14.64,100.0,86.21,13.79,100.0,86.44,13.56,100.0,86.23,13.77
450.soplex,Sets:  512,/home/ssm-user/advcomparch/advcomparch-ex2-helpcode/outputs/L2_cache/450.soplex/450.soplex.cslab_cache_stats_L2_LRU_0512_16_064.out,32,4,32,512,16,64,1,15,250,7441597798,62281703231,0.119483,0.11948288842389959,2639909153,2253216251,386692902,0.146479624710025,51.963692811230324,386692902,201093691,185599211,0.4799653938307872,24.94077428504421,185599211,24.94077428504421,2177137221,1815470523,361666698,0.16612030445829212,48.600677948115035,462771932,437745728,25026204,0.05407891505399252,3.3630148631152883,361666698,188242503,173424195,0.4795138616826701,23.304698763296425,25026204,12851188,12175016,0.4864907198870432,1.6360755217477827,512,16,64,100.0,83.39,16.61,100.0,94.59,5.41,100.0,85.35,14.65,100.0,52.05,47.95,100.0,51.35,48.65,100.0,52.0,48.0
450.soplex,Sets:  256,/home/ssm-user/advcomparch/advcomparch-ex2-helpcode/outputs/L2_cache/450.soplex/450.soplex.cslab_cache_stats_L2_LRU_0512_16_128.out,32,4,32,512,16,128,1,15,250,7444643811,40652576442,0.183128,0.18312846226662782,2640783131,2254051931,386731200,0.14644564919405342,51.947575977856275,386731200,287666474,99064726,0.25615912551146636,13.306845634928122,99064726,13.306845634928122,2178011199,1816316372,361694827,0.16606655978907114,48.58457116048584,462771932,437735559,25036373,0.05410088916109977,3.363004817370436,361694827,269033954,92660873,0.2561852315349813,12.44664961177684,25036373,18632520,6403853,0.2557819776850265,0.8601960231512814,512,16,128,100.0,83.39,16.61,100.0,94.59,5.41,100.0,85.36,14.64,100.0,74.38,25.62,100.0,74.42,25.58,100.0,74.38,25.62
450.soplex,Sets:  128,/home/ssm-user/advcomparch/advcomparch-ex2-helpcode/outputs/L2_cache/450.soplex/450.soplex.cslab_cache_stats_L2_LRU_0512_16_256.out,32,4,32,512,16,256,1,15,250,7444461876,29199523910,0.254951,0.25495148136475215,2639977599,2253363970,386613629,0.14644579906528216,51.93305244082091,386613629,333350109,53263520,0.13776938008566686,7.154784440728325,53263520,7.154784440728325,2177486262,1815905002,361581260,0.16605443915310453,48.57050328455467,462491337,437458968,25032369,0.0541250548872443,3.3625491562662417,361581260,311702040,49879220,0.13794746995460994,6.700178042526388,25032369,21648069,3384300,0.13519695239391846,0.45460639820193766,512,16,256,100.0,83.39,16.61,100.0,94.59,5.41,100.0,85.36,14.64,100.0,86.21,13.79,100.0,86.48,13.52,100.0,86.22,13.78
450.soplex,Sets: 2048,/home/ssm-user/advcomparch/advcomparch-ex2-helpcode/outputs/L2_cache/450.soplex/450.soplex.cslab_cache_stats_L2_LRU_1024_08_064.out,32,4,32,1024,8,64,1,15,250,7454825380,57689713758,0.129223,0.12922278330712322,2641525873,2254996856,386529017,0.1463279315000675,51.84950650044602,386529017,219347308,167181709,0.4325204619760798,22.425972504804665,167181709,22.425972504804665,2179092946,1817582996,361509950,0.16589927963540846,48.49341622003224,462432927,437413860,25019067,0.05410312618158352,3.356090280413785,361509950,205948262,155561688,0.4303109444152229,20.86724773156256,25019067,13399046,11620021,0.4644466158550197,1.5587247732421066,1024,8,64,100.0,83.41,16.59,100.0,94.59,5.41,100.0,85.37,14.63,100.0,56.97,43.03,100.0,53.56,46.44,100.0,56.75,43.25
450.soplex,Sets: 1024,/home/ssm-user/advcomparch/advcomparch-ex2-helpcode/outputs/L2_cache/450.soplex/450.soplex.cslab_cache_stats_L2_LRU_1024_08_128.out,32,4,32,1024,8,128,1,15,250,7440118309,37906354202,0.196276,0.19627628310948056,2639034038,2252498531,386535507,0.14646855684094817,51.95287103599202,386535507,298418830,88116677,0.22796528495893134,11.843451050154531,88116677,11.843451050154531,2176601111,1815096504,361504607,0.16608675111532642,48.58855625490565,462432927,437402027,25030900,0.054128714757372805,3.3643147810863665,361504607,279498058,82006549,0.22684786697614617,11.022210345875832,25030900,18920772,6110128,0.24410340818748028,0.8212407042786987,1024,8,128,100.0,83.39,16.61,100.0,94.59,5.41,100.0,85.35,14.65,100.0,77.32,22.68,100.0,75.59,24.41,100.0,77.2,22.8
450.soplex,Sets:  512,/home/ssm-user/advcomparch/advcomparch-ex2-helpcode/outputs/L2_cache/450.soplex/450.soplex.cslab_cache_stats_L2_LRU_1024_08_256.out,32,4,32,1024,8,256,1,15,250,7438248339,27462206116,0.270854,0.2708539986766153,2639228252,2252536117,386692135,0.14651712473408307,51.986989056618,386692135,340354745,46337390,0.11983018480580165,6.229610506151723,46337390,6.229610506151723,2176456320,1814798490,361657830,0.16616820042591068,48.62137072027651,462771932,437737627,25034305,0.05409642043718416,3.3656183363414858,361657830,318519763,43138067,0.11927867564764186,5.799492707687613,25034305,21834982,3199323,0.12779755619339142,0.4301177984641096,1024,8,256,100.0,83.38,16.62,100.0,94.59,5.41,100.0,85.35,14.65,100.0,88.07,11.93,100.0,87.22,12.78,100.0,88.02,11.98
450.soplex,Sets: 1024,/home/ssm-user/advcomparch/advcomparch-ex2-helpcode/outputs/L2_cache/450.soplex/450.soplex.cslab_cache_stats_L2_LRU_1024_16_064.out,32,4,32,1024,16,64,1,15,250,7435897046,57732222704,0.1288,0.12879977069521006,2638567243,2252060232,386507011,0.14648366912967092,51.97853179098467,386507011,219066398,167440613,0.43321494367407476,22.51787672209253,167440613,22.51787672209253,2176134316,1814646559,361487757,0.16611463471816323,48.61387331800882,462432927,437413673,25019254,0.054103530564552554,3.364658472975851,361487757,205665919,155821838,0.4310570274721642,20.955351726369237,25019254,13400479,11618775,0.46439334282309136,1.5625249957232934,1024,16,64,100.0,83.39,16.61,100.0,94.59,5.41,100.0,85.35,14.65,100.0,56.89,43.11,100.0,53.56,46.44,100.0,56.68,43.32
450.soplex,Sets:  512,/home/ssm-user/advcomparch/advcomparch-ex2-helpcode/outputs/L2_cache/450.soplex/450.soplex.cslab_cache_stats_L2_LRU_1024_16_128.out,32,4,32,1024,16,128,1,15,250,7446382852,37893801314,0.196507,0.19650662097204027,2640433237,2253926072,386507165,0.14638020745381186,51.90535763228844,386507165,298469654,88037511,0.22777717717082943,11.822855841525028,88037511,11.822855841525028,2178000310,1816511377,361488933,0.16597285654197175,48.54557443321744,462432927,437414695,25018232,0.05410132051431536,3.3597831990710003,361488933,279559169,81929764,0.22664528985732463,11.002625788706895,25018232,18910485,6107747,0.24413183953206605,0.820230052818133,1024,16,128,100.0,83.4,16.6,100.0,94.59,5.41,100.0,85.36,14.64,100.0,77.34,22.66,100.0,75.59,24.41,100.0,77.22,22.78
450.soplex,Sets:  256,/home/ssm-user/advcomparch/advcomparch-ex2-helpcode/outputs/L2_cache/450.soplex/450.soplex.cslab_cache_stats_L2_LRU_1024_16_256.out,32,4,32,1024,16,256,1,15,250,7441010733,27440680995,0.271167,0.27116713081413085,2639676862,2253132252,386544610,0.1464363367973485,51.94786351882554,386544610,340297313,46247297,0.11964284536266073,6.215190201903448,46247297,6.215190201903448,2177185525,1815675134,361510391,0.16604482569302403,48.58350618911814,462491337,437457118,25034219,0.054129054962168945,3.3643573297074023,361510391,318459367,43051024,0.1190865465330428,5.785641970528791,25034219,21837946,3196273,0.127676161976533,0.42954823137465836,1024,16,256,100.0,83.4,16.6,100.0,94.59,5.41,100.0,85.36,14.64,100.0,88.09,11.91,100.0,87.23,12.77,100.0,88.04,11.96
450.soplex,Sets: 2048,/home/ssm-user/advcomparch/advcomparch-ex2-helpcode/outputs/L2_cache/450.soplex/450.soplex.cslab_cache_stats_L2_LRU_2048_16_064.out,32,4,32,2048,16,64,1,15,250,7434244862,53412669072,0.139185,0.13918504712765198,2638228175,2251736506,386491669,0.1464966801061474,51.988019788740715,386491669,236320385,150171284,0.388549860307597,20.199937826583792,150171284,20.199937826583792,2175795248,1814323700,361471548,0.16613307172734482,48.62249693276245,462432927,437412806,25020121,0.054105405431045354,3.3655228559782673,361471548,221720135,139751413,0.38661801675190216,18.798333333670065,25020121,14600250,10419871,0.416459656609974,1.4016044929137284,2048,16,64,100.0,83.39,16.61,100.0,94.59,5.41,100.0,85.35,14.65,100.0,61.34,38.66,100.0,58.35,41.65,100.0,61.15,38.85
450.soplex,Sets: 1024,/home/ssm-user/advcomparch/advcomparch-ex2-helpcode/outputs/L2_cache/450.soplex/450.soplex.cslab_cache_stats_L2_LRU_2048_16_128.out,32,4,32,2048,16,128,1,15,250,7446675375,35612691476,0.209102,0.20910172936573584,2640538521,2254031499,386507022,0.1463743168017203,51.90329946402424,386507022,307595533,78911489,0.20416573181948555,10.59687511891842,78911489,10.59687511891842,2178105594,1816619236,361486358,0.16596365162266785,48.54332165647814,462432927,437412263,25020664,0.0541065796553886,3.3599778075460955,361486358,288001279,73485079,0.2032858982744793,9.868172748164143,25020664,19594254,5426410,0.21687713803278763,0.7287023707542777,2048,16,128,100.0,83.4,16.6,100.0,94.59,5.41,100.0,85.36,14.64,100.0,79.67,20.33,100.0,78.31,21.69,100.0,79.58,20.42
450.soplex,Sets:  512,/home/ssm-user/advcomparch/advcomparch-ex2-helpcode/outputs/L2_cache/450.soplex/450.soplex.cslab_cache_stats_L2_LRU_2048_16_256.out,32,4,32,2048,16,256,1,15,250,7440527400,26303639209,0.282871,0.2828706454221043,2639398129,2252754567,386643562,0.14648929153651,51.964537083755644,386643562,344947321,41696241,0.10784154993895903,5.603936220972723,41696241,5.603936220972723,2176626197,1815015108,361611089,0.16613375760082336,48.60019586783593,462771932,437739459,25032473,0.054092461683696066,3.364341215919721,361611089,322710713,38900376,0.10757517449914264,5.228174551174961,25032473,22236608,2795865,0.11168952424317007,0.37576166979776193,2048,16,256,100.0,83.39,16.61,100.0,94.59,5.41,100.0,85.35,14.65,100.0,89.24,10.76,100.0,88.83,11.17,100.0,89.22,10.78
459.GemsFDTD,Sets: 1024,/home/ssm-user/advcomparch/advcomparch-ex2-helpcode/outputs/L2_cache/459.GemsFDTD/459.GemsFDTD.cslab_cache_stats_L2_LRU_0256_04_064.out,32,4,32,256,4,64,1,15,250,108732414793,953877661319,0.11399,0.11398989535266747,44361263546,37984514514,6376749032,0.1437458837345264,58.64625598667863,6376749032,3556218042,2820530990,0.4423148811166825,25.940111744686284,2820530990,25.940111744686284,34765378125,28464546376,6300831749,0.1812386946100561,57.948053126523924,9595885421,9519968138,75917283,0.007911441171844313,0.6982028601547017,6300831749,3517302642,2783529107,0.4417716926724431,25.599809516777132,75917283,38915400,37001883,0.48739735588271776,0.3403022279091526,256,4,64,100.0,81.88,18.12,100.0,99.21,0.79,100.0,85.63,14.37,100.0,55.82,44.18,100.0,51.26,48.74,100.0,55.77,44.23
459.GemsFDTD,Sets:  512,/home/ssm-user/advcomparch/advcomparch-ex2-helpcode/outputs/L2_cache/459.GemsFDTD/459.GemsFDTD.cslab_cache_stats_L2_LRU_0256_04_128.out,32,4,32,256,4,128,1,15,250,108732414793,748998008144,0.14517,0.14517049926799733,44361263546,37978149159,6383114387,0.1438893727718348,58.70479745301245,6383114387,4382483931,2000630456,0.31342544324045496,18.39957716205156,2000630456,18.39957716205156,34765378125,28458035725,6307342400,0.18142596859788937,58.007930864109305,9595885421,9520113434,75771987,0.007896299682171872,0.696866588903147,6307342400,4325601128,1981741272,0.3141959237855868,18.225855424739276,75771987,56882803,18889184,0.24928980679891632,0.17372173731228538,256,4,128,100.0,81.86,18.14,100.0,99.21,0.79,100.0,85.61,14.39,100.0,68.58,31.42,100.0,75.07,24.93,100.0,68.66,31.34
459.GemsFDTD,Sets:  256,/home/ssm-user/advcomparch/advcomparch-ex2-helpcode/outputs/L2_cache/459.GemsFDTD/459.GemsFDTD.cslab_cache_stats_L2_LRU_0256_04_256.out,32,4,32,256,4,256,1,15,250,108732414793,660501082954,0.164621,0.16462109994840474,44361263546,37971596205,6389667341,0.14403709070131182,58.76506424661282,6389667341,4743417763,1646249578,0.2576424546293137,15.140375398946649,1646249578,15.140375398946649,34765378125,28451569004,6313809121,0.18161197897225517,58.06740458234054,9595885421,9520027201,75858220,0.007905286137951271,0.6976596642722922,6313809121,4677359075,1636450046,0.25918585985710224,15.050250186344172,75858220,66058688,9799532,0.1291822033261524,0.09012521260247847,256,4,256,100.0,81.84,18.16,100.0,99.21,0.79,100.0,85.6,14.4,100.0,74.08,25.92,100.0,87.08,12.92,100.0,74.24,25.76
459.GemsFDTD,Sets: 2048,/home/ssm-user/advcomparch/advcomparch-ex2-helpcode/outputs/L2_cache/459.GemsFDTD/459.GemsFDTD.cslab_cache_stats_L2_LRU_0512_04_064.out,32,4,32,512,4,64,1,15,250,108732414993,916390155264,0.118653,0.11865297151918401,44361263646,37983811821,6377451825,0.14376172590329372,58.65271938833115,6377451825,3706913028,2670538797,0.4187469964933839,24.56065008003294,2670538797,24.56065008003294,34765378129,28463681156,6301696973,0.1812635821079523,57.95601038941048,9595885517,9520130665,75754852,0.007894513942021637,0.6967089989206711,6301696973,3666702908,2634994065,0.41814039556167026,24.23374910940437,75754852,40210120,35544732,0.46920733209273513,0.3269009706285684,512,4,64,100.0,81.87,18.13,100.0,99.21,0.79,100.0,85.62,14.38,100.0,58.19,41.81,100.0,53.08,46.92,100.0,58.13,41.87
459.GemsFDTD,Sets: 1024,/home/ssm-user/advcomparch/advcomparch-ex2-helpcode/outputs/L2_cache/459.GemsFDTD/459.GemsFDTD.cslab_cache_stats_L2_LRU_0512_04_128.out,32,4,32,512,4,128,1,15,250,108732414793,656671981884,0.165581,0.16558101730036565,44361263546,37983707793,6377555753,0.14376406899201266,58.653675310543875,6377555753,4745895884,1631659869,0.255844077604883,15.006195457962397,1631659869,15.006195457962397,34765378125,28463625332,6301752793,0.1812651877491984,57.956523866383364,9595885421,9520082461,75802960,0.007899527419753255,0.6971514441605141,6301752793,4688241549,1613511244,0.25604165967796955,14.839284559914649,75802960,57654335,18148625,0.23941842112761824,0.1669108980477492,512,4,128,100.0,81.87,18.13,100.0,99.21,0.79,100.0,85.62,14.38,100.0,74.4,25.6,100.0,76.06,23.94,100.0,74.42,25.58
459.GemsFDTD,Sets:  512,/home/ssm-user/advcomparch/advcomparch-ex2-helpcode/outputs/L2_cache/459.GemsFDTD/459.GemsFDTD.cslab_cache_stats_L2_LRU_0512_04_256.out,32,4,32,512,4,256,1,15,250,108732414705,580881097137,0.187185,0.18718532112838854,44361263502,37985496390,6375767112,0.14372374925057202,58.63722542443283,6375767112,5047163463,1328603649,0.20838334049237775,12.219020911147895,1328603649,12.219020911147895,34765378129,28465487375,6299890754,0.18121162757452833,57.93939894641467,9595885373,9520009015,75876358,0.007907176362641197,0.6978264780181587,6299890754,4980680352,1319210402,0.20940210767343728,12.132632256711362,75876358,66483111,9393247,0.1237967562966056,0.0863886544365326,512,4,256,100.0,81.88,18.12,100.0,99.21,0.79,100.0,85.63,14.37,100.0,79.06,20.94,100.0,87.62,12.38,100.0,79.16,20.84
459.GemsFDTD,Sets: 1024,/home/ssm-user/advcomparch/advcomparch-ex2-helpcode/outputs/L2_cache/459.GemsFDTD/459.GemsFDTD.cslab_cache_stats_L2_LRU_0512_08_064.out,32,4,32,512,8,64,1,15,250,108732414993,910013953919,0.119484,0.11948433815189413,44361263646,37988437444,6372826202,0.14365745423427834,58.61017804497648,6372826202,3727514673,2645311529,0.4150923695627876,24.328637685186155,2645311529,24.328637685186155,34765378129,28468297012,6297081117,0.1811308104757016,57.91355887207504,9595885517,9520140432,75745085,0.007893496109953643,0.6966191729014418,6297081117,3687367268,2609713849,0.4144323060972886,24.001249757655145,75745085,40147405,35597680,0.46996686319647013,0.3273879275310101,512,8,64,100.0,81.89,18.11,100.0,99.21,0.79,100.0,85.63,14.37,100.0,58.56,41.44,100.0,53.0,47.0,100.0,58.49,41.51
459.GemsFDTD,Sets:  512,/home/ssm-user/advcomparch/advcomparch-ex2-helpcode/outputs/L2_cache/459.GemsFDTD/459.GemsFDTD.cslab_cache_stats_L2_LRU_0512_08_128.out,32,4,32,512,8,128,1,15,250,108732414793,634367843204,0.171403,0.1714027846112525,44361263546,37988036405,6373227141,0.14366649260094544,58.613865544447535,6373227141,4830524110,1542703031,0.24205994810314263,14.188069251813548,1542703031,14.188069251813548,34765378125,28467906745,6297471380,0.1811420361187284,57.917148184272826,9595885421,9520129660,75755761,0.007894608749101278,0.696717360174705,6297471380,4772928568,1524542812,0.2420880890132763,14.021051725029356,75755761,57595542,18160219,0.23972063325982562,0.16701752678419426,512,8,128,100.0,81.89,18.11,100.0,99.21,0.79,100.0,85.63,14.37,100.0,75.79,24.21,100.0,76.03,23.97,100.0,75.79,24.21
459.GemsFDTD,Sets:  256,/home/ssm-user/advcomparch/advcomparch-ex2-helpcode/outputs/L2_cache/459.GemsFDTD/459.GemsFDTD.cslab_cache_stats_L2_LRU_0512_08_256.out,32,4,32,512,8,256,1,15,250,108732414793,573502439504,0.189594,0.18959363954412894,44361263546,37983704585,6377558961,0.1437641413073559,58.65370481416528,6377558961,5078577454,1298981507,0.2036800466986698,11.946589335599178,1298981507,11.946589335599178,34765378125,28463579074,6301799051,0.181266518325838,57.95694929609619,9595885421,9520125511,75759910,0.007895041121917122,0.696755518069091,6301799051,5012208524,1289590527,0.20463847173853655,11.860221530580976,75759910,66368930,9390980,0.12395711663332229,0.0863678050182012,512,8,256,100.0,81.87,18.13,100.0,99.21,0.79,100.0,85.62,14.38,100.0,79.54,20.46,100.0,87.6,12.4,100.0,79.63,20.37
459.GemsFDTD,Sets:  512,/home/ssm-user/advcomparch/advcomparch-ex2-helpcode/outputs/L2_cache/459.GemsFDTD/459.GemsFDTD.cslab_cache_stats_L2_LRU_0512_16_064.out,32,4,32,512,16,64,1,15,250,108732414809,909996463858,0.119487,0.11948663442934775,44361263549,37989154249,6372109300,0.14364129400781328,58.60358487570873,6372109300,3726824716,2645284584,0.41513484145665863,24.328389916169183,2645284584,24.328389916169183,34765378128,28469067451,6296310677,0.18110864935275817,57.9064733185604,9595885421,9520086798,75798623,0.007899075455207022,0.6971115571483288,6296310677,3686664645,2609646032,0.4144722466654737,24.000626092818038,75798623,40160071,35638552,0.4701741349575704,0.3277638233511404,512,16,64,100.0,81.89,18.11,100.0,99.21,0.79,100.0,85.64,14.36,100.0,58.55,41.45,100.0,52.98,47.02,100.0,58.49,41.51
459.GemsFDTD,Sets:  256,/home/ssm-user/advcomparch/advcomparch-ex2-helpcode/outputs/L2_cache/459.GemsFDTD/459.GemsFDTD.cslab_cache_stats_L2_LRU_0512_16_128.out,32,4,32,512,16,128,1,15,250,108732414705,627732362147,0.173215,0.17321460746918996,44361263502,37986558806,6374704696,0.14369980006797148,58.62745450190818,6374704696,4858632242,1516072454,0.2378263035386259,13.943150790067795,1516072454,13.943150790067795,34765378129,28466475102,6298903027,0.18118321634895973,57.93031493036776,9595885373,9520083704,75801669,0.007899392922437737,0.6971395715404295,6298903027,4801008516,1497894511,0.23780244029465672,13.77597025747944,75801669,57623726,18177943,0.23980927121802556,0.167180532588357,512,16,128,100.0,81.88,18.12,100.0,99.21,0.79,100.0,85.63,14.37,100.0,76.22,23.78,100.0,76.02,23.98,100.0,76.22,23.78
459.GemsFDTD,Sets:  128,/home/ssm-user/advcomparch/advcomparch-ex2-helpcode/outputs/L2_cache/459.GemsFDTD/459.GemsFDTD.cslab_cache_stats_L2_LRU_0512_16_256.out,32,4,32,512,16,256,1,15,250,108732414793,560595642429,0.193959,0.19395872276472623,44361263546,37983986990,6377276556,0.14375777528038944,58.65110756659621,6377276556,5129905293,1247371263,0.19559623172158383,11.471935626323491,1247371263,11.471935626323491,34765378125,28463866470,6301511655,0.18125825159567424,57.954306146851806,9595885421,9520120520,75764901,0.007895561240674386,0.6968014197444055,6301511655,5063546804,1237964851,0.19645521880733552,11.385425894907081,75764901,66358489,9406412,0.12415263368456061,0.08650973141640893,512,16,256,100.0,81.87,18.13,100.0,99.21,0.79,100.0,85.62,14.38,100.0,80.35,19.65,100.0,87.58,12.42,100.0,80.44,19.56
459.GemsFDTD,Sets: 2048,/home/ssm-user/advcomparch/advcomparch-ex2-helpcode/outputs/L2_cache/459.GemsFDTD/459.GemsFDTD.cslab_cache_stats_L2_LRU_1024_08_064.out,32,4,32,1024,8,64,1,15,250,108732414993,902934371734,0.120421,0.12042117167850161,44361263646,37985021623,6376242023,0.1437344543176677,58.64159297308435,6376242023,3759453772,2616788251,0.41039663199120696,24.066312250753047,2616788251,24.066312250753047,34765378129,28464938755,6300439374,0.18122740821692387,57.944444390438775,9595885517,9520082868,75802649,0.007899494931000228,0.6971485826455712,6300439374,3707514836,2592924538,0.41154662144678544,23.846840320496216,75802649,51938936,23863713,0.3148137078956172,0.21947193025682638,1024,8,64,100.0,81.88,18.12,100.0,99.21,0.79,100.0,85.63,14.37,100.0,58.85,41.15,100.0,68.52,31.48,100.0,58.96,41.04
459.GemsFDTD,Sets: 1024,/home/ssm-user/advcomparch/advcomparch-ex2-helpcode/outputs/L2_cache/459.GemsFDTD/459.GemsFDTD.cslab_cache_stats_L2_LRU_1024_08_128.out,32,4,32,1024,8,128,1,15,250,108732414705,624178612532,0.174201,0.17420080169668675,44361263502,37988714847,6372548655,0.14365119818358416,58.607625631135384,6372548655,4870561837,1501986818,0.2356964064639221,13.813606752641464,1501986818,13.813606752641464,34765378129,28468598049,6296780080,0.18112215137241547,57.910790421455125,9595885373,9520116798,75768575,0.007895944152604249,0.6968352096802631,6296780080,4807232919,1489547161,0.23655696118896374,13.699200602150373,75768575,63328918,12439657,0.1641796351587713,0.1144061504910915,1024,8,128,100.0,81.89,18.11,100.0,99.21,0.79,100.0,85.63,14.37,100.0,76.34,23.66,100.0,83.58,16.42,100.0,76.43,23.57
459.GemsFDTD,Sets:  512,/home/ssm-user/advcomparch/advcomparch-ex2-helpcode/outputs/L2_cache/459.GemsFDTD/459.GemsFDTD.cslab_cache_stats_L2_LRU_1024_08_256.out,32,4,32,1024,8,256,1,15,250,108732414793,481968948464,0.2256,0.22560045650144536,44361263546,37987757271,6373506275,0.14367278489241073,58.61643270899117,6373506275,5440415571,933090704,0.1464014725552302,8.581532064530867,933090704,8.581532064530867,34765378125,28467674878,6297703247,0.18114870559889817,57.91928063944217,9595885421,9520082393,75803028,0.00789953450612382,0.6971520695489977,6297703247,5371282419,926420828,0.14710455409935577,8.52018995222059,75803028,69133152,6669876,0.08798957213160404,0.06134211231027856,1024,8,256,100.0,81.89,18.11,100.0,99.21,0.79,100.0,85.63,14.37,100.0,85.29,14.71,100.0,91.2,8.8,100.0,85.36,14.64
459.GemsFDTD,Sets: 1024,/home/ssm-user/advcomparch/advcomparch-ex2-helpcode/outputs/L2_cache/459.GemsFDTD/459.GemsFDTD.cslab_cache_stats_L2_LRU_1024_16_064.out,32,4,32,1024,16,64,1,15,250,108732414993,902916994389,0.120423,0.12042348927830154,44361263646,37988480846,6372782800,0.14365647585818098,58.609778881580695,6372782800,3755856505,2616926295,0.4106410617038447,24.06758182615987,2616926295,24.06758182615987,34765378129,28468501614,6296876515,0.18112492525278698,57.9116771701004,9595885517,9519979232,75906285,0.007910294976479762,0.6981017114803043,6296876515,3704043225,2592833290,0.41176498916939613,23.846001122727955,75906285,51813280,24093005,0.3174046128064362,0.22158070343191646,1024,16,64,100.0,81.89,18.11,100.0,99.21,0.79,100.0,85.63,14.37,100.0,58.82,41.18,100.0,68.26,31.74,100.0,58.94,41.06
459.GemsFDTD,Sets:  512,/home/ssm-user/advcomparch/advcomparch-ex2-helpcode/outputs/L2_cache/459.GemsFDTD/459.GemsFDTD.cslab_cache_stats_L2_LRU_1024_16_128.out,32,4,32,1024,16,128,1,15,250,108732414705,624110923082,0.17422,0.1742196950632668,44361263502,37989477027,6371786475,0.143634016977734,58.60061594591807,6371786475,4870024684,1501761791,0.23568928382836307,13.811537204194384,1501761791,13.811537204194384,34765378129,28469490492,6295887637,0.18109648091956757,57.9025827218246,9595885373,9519986535,75898838,0.007909519033392896,0.6980332240934757,6295887637,4806735438,1489152199,0.2365277598425475,13.69556818029097,75898838,63289246,12609592,0.1661368254412538,0.11596902390341336,1024,16,128,100.0,81.89,18.11,100.0,99.21,0.79,100.0,85.64,14.36,100.0,76.35,23.65,100.0,83.39,16.61,100.0,76.43,23.57
459.GemsFDTD,Sets:  256,/home/ssm-user/advcomparch/advcomparch-ex2-helpcode/outputs/L2_cache/459.GemsFDTD/459.GemsFDTD.cslab_cache_stats_L2_LRU_1024_16_256.out,32,4,32,1024,16,256,1,15,250,108732414793,475169153769,0.228829,0.22882885795625418,44361263546,37989715684,6371547862,0.14362863797585662,58.5984214011054,6371547862,5465538832,906009030,0.1421960643823223,8.332464902254035,906009030,8.332464902254035,34765378125,28469634712,6295743413,0.18109233244532702,57.901256262776464,9595885421,9520080972,75804449,0.007899682590426378,0.6971651383289259,6295743413,5396504718,899238695,0.14283280559737768,8.270198879625099,75804449,69034114,6770335,0.08931316155335421,0.0622660226289379,1024,16,256,100.0,81.89,18.11,100.0,99.21,0.79,100.0,85.64,14.36,100.0,85.72,14.28,100.0,91.07,8.93,100.0,85.78,14.22
459.GemsFDTD,Sets: 2048,/home/ssm-user/advcomparch/advcomparch-ex2-helpcode/outputs/L2_cache/459.GemsFDTD/459.GemsFDTD.cslab_cache_stats_L2_LRU_2048_16_064.out,32,4,32,2048,16,64,1,15,250,108732414793,889447579259,0.122247,0.12224713106036572,44361263546,37988637768,6372625778,0.1436529365623674,58.60833487540882,6372625778,3809567721,2563058057,0.40219811209507367,23.57216163992529,2563058057,23.57216163992529,34765378125,28468501508,6296876617,0.18112492820758008,57.91167821470458,9595885421,9520136260,75749161,0.00789392095431107,0.6966566607042428,6296876617,3753618074,2543258543,0.4038920718461967,23.390067698227284,75749161,55949647,19799514,0.26138261782199806,0.1820939416980065,2048,16,64,100.0,81.89,18.11,100.0,99.21,0.79,100.0,85.63,14.37,100.0,59.61,40.39,100.0,73.86,26.14,100.0,59.78,40.22
459.GemsFDTD,Sets: 1024,/home/ssm-user/advcomparch/advcomparch-ex2-helpcode/outputs/L2_cache/459.GemsFDTD/459.GemsFDTD.cslab_cache_stats_L2_LRU_2048_16_128.out,32,4,32,2048,16,128,1,15,250,108732414793,619473020734,0.175524,0.17552405214381306,44361263546,37991111203,6370152343,0.14359717992240076,58.58558696711755,6370152343,4886844114,1483308229,0.23285286585492262,13.641821823086126,1483308229,13.641821823086126,34765378125,28471017161,6294360964,0.18105256733778155,57.88854203213391,9595885421,9520094042,75791379,0.007898320548319102,0.6970449349836321,6294360964,4821895646,1472465318,0.23393404452360225,13.542100769151636,75791379,64948468,10842911,0.14306259027164553,0.09972105393448916,2048,16,128,100.0,81.89,18.11,100.0,99.21,0.79,100.0,85.64,14.36,100.0,76.61,23.39,100.0,85.69,14.31,100.0,76.71,23.29
459.GemsFDTD,Sets:  512,/home/ssm-user/advcomparch/advcomparch-ex2-helpcode/outputs/L2_cache/459.GemsFDTD/459.GemsFDTD.cslab_cache_stats_L2_LRU_2048_16_256.out,32,4,32,2048,16,256,1,15,250,108732414705,472661214802,0.230043,0.23004302299385515,44361263502,37988813929,6372449573,0.1436489646583827,58.60671438493278,6372449573,5476526401,895923172,0.14059321485979534,8.239706387747512,895923172,8.239706387747512,34765378129,28468687536,6296690593,0.1811195773460474,57.909967419406996,9595885373,9520126393,75758980,0.00789494424487015,0.696746965525785,6296690593,5406576320,890114273,0.14136223780624313,8.186282585694004,75758980,69950081,5808899,0.07667604553282001,0.053423802053509266,2048,16,256,100.0,81.89,18.11,100.0,99.21,0.79,100.0,85.64,14.36,100.0,85.86,14.14,100.0,92.33,7.67,100.0,85.94,14.06
470.lbm,Sets: 1024,/home/ssm-user/advcomparch/advcomparch-ex2-helpcode/outputs/L2_cache/470.lbm/470.lbm.cslab_cache_stats_L2_LRU_0256_04_064.out,32,4,32,256,4,64,1,15,250,96483397994,1248079635563,0.0773055,0.07730548215417121,31930115814,23584390697,8345725117,0.2613747211446303,86.49907953613942,8345725117,4367804137,3977920980,0.47664174463367964,41.2290721793129,3977920980,41.2290721793129,20293158830,18237285542,2055873288,0.10130868758395264,21.308052273696333,11636956984,5347105155,6289851829,0.5405065806849768,65.19102726244309,2055873288,1028123772,1027749516,0.49990897882613083,10.652086652917351,6289851829,3339680365,2950171464,0.46903671886163284,30.576985526395557,256,4,64,100.0,89.87,10.13,100.0,45.95,54.05,100.0,73.86,26.14,100.0,50.01,49.99,100.0,53.1,46.9,100.0,52.34,47.66
470.lbm,Sets:  512,/home/ssm-user/advcomparch/advcomparch-ex2-helpcode/outputs/L2_cache/470.lbm/470.lbm.cslab_cache_stats_L2_LRU_0256_04_128.out,32,4,32,256,4,128,1,15,250,96483398504,751561570913,0.128377,0.12837723779143148,31930115984,23582152989,8347962995,0.2614448065012704,86.52227351479446,8347962995,6356248549,1991714446,0.23858688007995896,20.643079295319676,1991714446,20.643079295319676,20293159000,18236034478,2057124522,0.10137034465654164,21.321020547537156,11636956984,5346118511,6290838473,0.5405913660804506,65.20125296725732,2057124522,1540918003,516206519,0.2509359610851987,5.350210782413507,6290838473,4815330546,1475507927,0.23454869066068293,15.292868512906171,256,4,128,100.0,89.86,10.14,100.0,45.94,54.06,100.0,73.86,26.14,100.0,74.91,25.09,100.0,76.55,23.45,100.0,76.14,23.86
470.lbm,Sets:  256,/home/ssm-user/advcomparch/advcomparch-ex2-helpcode/outputs/L2_cache/470.lbm/470.lbm.cslab_cache_stats_L2_LRU_0256_04_256.out,32,4,32,256,4,256,1,15,250,96483398504,503000350253,0.191816,0.19181576803171332,31930115984,23582108333,8348007651,0.2614462050555388,86.52273635089573,8348007651,7350540767,997466884,0.11948562168369771,10.338222942661448,997466884,10.338222942661448,20293159000,18235472521,2057686479,0.10139803659942742,21.326844938144387,11636956984,5346635812,6290321172,0.5405469127924724,65.19589141275135,2057686479,1797606528,260079951,0.12639435290763748,2.695592765518284,6290321172,5552934239,737386933,0.11722564124107335,7.642630177143164,256,4,256,100.0,89.86,10.14,100.0,45.95,54.05,100.0,73.86,26.14,100.0,87.36,12.64,100.0,88.28,11.72,100.0,88.05,11.95
470.lbm,Sets: 2048,/home/ssm-user/advcomparch/advcomparch-ex2-helpcode/outputs/L2_cache/470.lbm/470.lbm.cslab_cache_stats_L2_LRU_0512_04_064.out,32,4,32,512,4,64,1,15,250,96483398504,1247012084273,0.0773717,0.07737166280970662,31930115984,23587940765,8342175219,0.2612635426435725,86.46228624144237,8342175219,4368311453,3973863766,0.47635822332635663,41.187021058708375,3973863766,41.187021058708375,20293159000,18239141767,2054017233,0.10121722463220241,21.288815121026698,11636956984,5348798998,6288157986,0.5403610234742448,65.17347112041566,2054017233,1027777765,1026239468,0.49962553941240473,10.636435738293923,6288157986,3340533688,2947624298,0.4687579899491412,30.55058532041445,512,4,64,100.0,89.88,10.12,100.0,45.96,54.04,100.0,73.87,26.13,100.0,50.04,49.96,100.0,53.12,46.88,100.0,52.36,47.64
470.lbm,Sets: 1024,/home/ssm-user/advcomparch/advcomparch-ex2-helpcode/outputs/L2_cache/470.lbm/470.lbm.cslab_cache_stats_L2_LRU_0512_04_128.out,32,4,32,512,4,128,1,15,250,96483398504,750603799508,0.128541,0.12854104731050148,31930115984,23587528766,8342587218,0.26127644579119047,86.46655639575272,8342587218,6354381311,1988205907,0.23832006247537202,20.606715122266067,1988205907,20.606715122266067,20293159000,18239029024,2054129976,0.1012227803468154,21.289983643298385,11636956984,5348499742,6288457242,0.5403867394754649,65.17657275245433,2054129976,1540076850,514053126,0.2502534562106989,5.327891989404669,6288457242,4814304461,1474152781,0.2344220091303596,15.278823132861397,512,4,128,100.0,89.88,10.12,100.0,45.96,54.04,100.0,73.87,26.13,100.0,74.97,25.03,100.0,76.56,23.44,100.0,76.17,23.83
470.lbm,Sets:  512,/home/ssm-user/advcomparch/advcomparch-ex2-helpcode/outputs/L2_cache/470.lbm/470.lbm.cslab_cache_stats_L2_LRU_0512_04_256.out,32,4,32,512,4,256,1,15,250,96483398504,502359404718,0.192061,0.1920605001078084,31930115984,23587083452,8343032532,0.2612903923111537,86.47117184262653,8343032532,7347830923,995201609,0.11928535639563535,10.314744551195934,995201609,10.314744551195934,20293159000,18238791224,2054367776,0.10123449858151705,21.29244831601605,11636956984,5348292228,6288664756,0.5404045718005551,65.17872352661048,2054367776,1796684148,257683628,0.12543208232253736,2.670756130022897,6288664756,5551146775,737517981,0.11727735689779549,7.643988421173037,512,4,256,100.0,89.88,10.12,100.0,45.96,54.04,100.0,73.87,26.13,100.0,87.46,12.54,100.0,88.27,11.73,100.0,88.07,11.93
470.lbm,Sets: 1024,/home/ssm-user/advcomparch/advcomparch-ex2-helpcode/outputs/L2_cache/470.lbm/470.lbm.cslab_cache_stats_L2_LRU_0512_08_064.out,32,4,32,512,8,64,1,15,250,96483398504,1246962025513,0.0773748,0.07737476886219269,31930115984,23588136399,8341979585,0.26125741570059186,86.46025859727732,8341979585,4368304316,3973675269,0.4763467985638807,41.18506738581829,3973675269,41.18506738581829,20293159000,18239146656,2054012344,0.1012169837135756,21.288764449096856,11636956984,5348989743,6287967241,0.5403446321616135,65.17149414818047,2054012344,1027790575,1026221769,0.49961811183740384,10.636252297409019,6287967241,3340513741,2947453500,0.46874504701319897,30.548815088409274,512,8,64,100.0,89.88,10.12,100.0,45.97,54.03,100.0,73.87,26.13,100.0,50.04,49.96,100.0,53.13,46.87,100.0,52.37,47.63
470.lbm,Sets:  512,/home/ssm-user/advcomparch/advcomparch-ex2-helpcode/outputs/L2_cache/470.lbm/470.lbm.cslab_cache_stats_L2_LRU_0512_08_128.out,32,4,32,512,8,128,1,15,250,96483398504,750524672183,0.128555,0.1285545993089945,31930115984,23587964921,8342151063,0.26126278611641135,86.46203587712711,8342151063,6354235496,1987915567,0.23829771865640453,20.603705899907588,1987915567,20.603705899907588,20293159000,18239209944,2053949056,0.10121386502712565,21.28810850205331,11636956984,5348754977,6288202007,0.540364806336041,65.1739273750738,2053949056,1540060965,513888091,0.25019514943607246,5.326181487882553,6288202007,4814174531,1474027476,0.23441159720363927,15.277524412025038,512,8,128,100.0,89.88,10.12,100.0,45.96,54.04,100.0,73.87,26.13,100.0,74.98,25.02,100.0,76.56,23.44,100.0,76.17,23.83
470.lbm,Sets:  256,/home/ssm-user/advcomparch/advcomparch-ex2-helpcode/outputs/L2_cache/470.lbm/470.lbm.cslab_cache_stats_L2_LRU_0512_08_256.out,32,4,32,512,8,256,1,15,250,96483398504,502227810918,0.192111,0.19211082382642702,31930115984,23587872872,8342243112,0.2612656689433966,86.46298991690418,8342243112,7347520513,994722599,0.1192392244681924,10.309779862892794,994722599,10.309779862892794,20293159000,18239192457,2053966543,0.10121472674609212,21.28828974566901,11636956984,5348680415,6288276569,0.5403712136812003,65.17470017123517,2053966543,1796512699,257453844,0.12534471161539265,2.668374538955803,6288276569,5551007814,737268755,0.11724496321211345,7.641405323936993,512,8,256,100.0,89.88,10.12,100.0,45.96,54.04,100.0,73.87,26.13,100.0,87.47,12.53,100.0,88.28,11.72,100.0,88.08,11.92
470.lbm,Sets:  512,/home/ssm-user/advcomparch/advcomparch-ex2-helpcode/outputs/L2_cache/470.lbm/470.lbm.cslab_cache_stats_L2_LRU_0512_16_064.out,32,4,32,512,16,64,1,15,250,96483398504,1246938513963,0.0773762,0.07737622779599454,31930115984,23588256569,8341859415,0.2612536521690074,86.45901309803223,8341859415,4368270982,3973588433,0.4763432509848885,41.18416737606173,3973588433,41.18416737606173,20293159000,18239272679,2053886321,0.10121077359123831,21.287458286565744,11636956984,5348983890,6287973094,0.5403451351281544,65.17155481146648,2053886321,1027755789,1026130532,0.49960434592134373,10.635306673587568,6287973094,3340515193,2947457901,0.4687453106013561,30.548860702474162,512,16,64,100.0,89.88,10.12,100.0,45.97,54.03,100.0,73.87,26.13,100.0,50.04,49.96,100.0,53.13,46.87,100.0,52.37,47.63
470.lbm,Sets:  256,/home/ssm-user/advcomparch/advcomparch-ex2-helpcode/outputs/L2_cache/470.lbm/470.lbm.cslab_cache_stats_L2_LRU_0512_16_128.out,32,4,32,512,16,128,1,15,250,96483398504,750492002418,0.12856,0.1285601954359826,31930115984,23588126122,8341989862,0.26125773755974213,86.4603651130112,8341989862,6354195302,1987794560,0.23828781776095617,20.60245172559495,1987794560,20.60245172559495,20293159000,18239317883,2053841117,0.10120854604253582,21.286989770730887,11636956984,5348808239,6288148745,0.5403602293662995,65.17337534228032,2053841117,1540060500,513780617,0.25015597007351176,5.325067576042107,6288148745,4814134802,1474013943,0.23441143057756977,15.277384149552843,512,16,128,100.0,89.88,10.12,100.0,45.96,54.04,100.0,73.87,26.13,100.0,74.98,25.02,100.0,76.56,23.44,100.0,76.17,23.83
470.lbm,Sets:  128,/home/ssm-user/advcomparch/advcomparch-ex2-helpcode/outputs/L2_cache/470.lbm/470.lbm.cslab_cache_stats_L2_LRU_0512_16_256.out,32,4,32,512,16,256,1,15,250,96483398504,502132741958,0.192147,0.1921471962329638,31930115984,23588080936,8342035048,0.2612591527127602,86.46083344228548,8342035048,7347680241,994354807,0.11919810948749204,10.30596789103336,994354807,10.30596789103336,20293159000,18239331143,2053827857,0.10120789262036532,21.286852337761015,11636956984,5348749793,6288207191,0.5403652518133257,65.17398110452446,2053827857,1796502886,257324971,0.1252904278822429,2.6670388376642,6288207191,5551177355,737029836,0.11720826200747239,7.638929053369158,512,16,256,100.0,89.88,10.12,100.0,45.96,54.04,100.0,73.87,26.13,100.0,87.47,12.53,100.0,88.28,11.72,100.0,88.08,11.92
470.lbm,Sets: 2048,/home/ssm-user/advcomparch/advcomparch-ex2-helpcode/outputs/L2_cache/470.lbm/470.lbm.cslab_cache_stats_L2_LRU_1024_08_064.out,32,4,32,1024,8,64,1,15,250,96483398504,1246728090553,0.0773893,0.07738928739562106,31930115984,23589255063,8340860921,0.26122238093903444,86.44866422956903,8340860921,4368054272,3972806649,0.47630654516700577,41.17606459348854,3972806649,41.17606459348854,20293159000,18239852382,2053306618,0.10118220716646432,21.281449967943182,11636956984,5349402681,6287554303,0.5403091471116501,65.16721426162586,2053306618,1027637193,1025669425,0.499520829479935,10.630527540522714,6287554303,3340417079,2947137224,0.46872553014672547,30.54553705296583,1024,8,64,100.0,89.88,10.12,100.0,45.97,54.03,100.0,73.88,26.12,100.0,50.05,49.95,100.0,53.13,46.87,100.0,52.37,47.63
470.lbm,Sets: 1024,/home/ssm-user/advcomparch/advcomparch-ex2-helpcode/outputs/L2_cache/470.lbm/470.lbm.cslab_cache_stats_L2_LRU_1024_08_128.out,32,4,32,1024,8,128,1,15,250,96483398504,750284414958,0.128596,0.1285957652597662,31930115984,23589186086,8340929898,0.2612245411879992,86.44937914012432,8340929898,6353902090,1987027808,0.23822617289667575,20.594504741845533,1987027808,20.594504741845533,20293159000,18239852938,2053306062,0.10118217976806863,21.281444205293766,11636956984,5349333148,6287623836,0.5403151222991579,65.16793493483055,2053306062,1539899006,513407056,0.2500392247904443,5.321195811512746,6287623836,4814003084,1473620752,0.23436846580463913,15.273308930332783,1024,8,128,100.0,89.88,10.12,100.0,45.97,54.03,100.0,73.88,26.12,100.0,75.0,25.0,100.0,76.56,23.44,100.0,76.18,23.82
470.lbm,Sets:  512,/home/ssm-user/advcomparch/advcomparch-ex2-helpcode/outputs/L2_cache/470.lbm/470.lbm.cslab_cache_stats_L2_LRU_1024_08_256.out,32,4,32,1024,8,256,1,15,250,96483398504,501981902323,0.192205,0.19220493419684642,31930115984,23589191495,8340924489,0.2612243717867981,86.44932307866625,8340924489,7347106407,993818082,0.11914963183165679,10.300405016919035,993818082,10.300405016919035,20293159000,18239831565,2053327435,0.10118323298013877,21.28166572526851,11636956984,5349359930,6287597054,0.5403128208383863,65.16765735339774,2053327435,1796370077,256957358,0.1251419299328653,2.6632287210462127,6287597054,5550736330,736860724,0.11719273955878408,7.637176295872821,1024,8,256,100.0,89.88,10.12,100.0,45.97,54.03,100.0,73.88,26.12,100.0,87.49,12.51,100.0,88.28,11.72,100.0,88.09,11.91
470.lbm,Sets: 1024,/home/ssm-user/advcomparch/advcomparch-ex2-helpcode/outputs/L2_cache/470.lbm/470.lbm.cslab_cache_stats_L2_LRU_1024_16_064.out,32,4,32,1024,16,64,1,15,250,96483398504,1246719048773,0.0773898,0.07738984865833032,31930115984,23589313265,8340802719,0.2612205581457809,86.44806099625738,8340802719,4368028745,3972773974,0.4763059513384949,41.17572593419061,3972773974,41.17572593419061,20293159000,18239845091,2053313909,0.10118256645010272,21.281525535347658,11636956984,5349468174,6287488810,0.5403035190939398,65.16653546090973,2053313909,1027637274,1025676635,0.4995225671556097,10.630602268404523,6287488810,3340391471,2947097339,0.4687240690293968,30.545123665786083,1024,16,64,100.0,89.88,10.12,100.0,45.97,54.03,100.0,73.88,26.12,100.0,50.05,49.95,100.0,53.13,46.87,100.0,52.37,47.63
470.lbm,Sets:  512,/home/ssm-user/advcomparch/advcomparch-ex2-helpcode/outputs/L2_cache/470.lbm/470.lbm.cslab_cache_stats_L2_LRU_1024_16_128.out,32,4,32,1024,16,128,1,15,250,96483398504,750275340348,0.128597,0.12859732063064758,31930115984,23589290960,8340825024,0.261221256702592,86.44829217592503,8340825024,6353827222,1986997802,0.2382255707657919,20.594193745337684,1986997802,20.594193745337684,20293159000,18239865466,2053293534,0.10118156241716729,21.28131435912132,11636956984,5349425494,6287531490,0.5403071867194246,65.16697781680371,2053293534,1539893534,513400000,0.2500373139537681,5.321122679760451,6287531490,4813933688,1473597802,0.23436825793138094,15.273071065577232,1024,16,128,100.0,89.88,10.12,100.0,45.97,54.03,100.0,73.88,26.12,100.0,75.0,25.0,100.0,76.56,23.44,100.0,76.18,23.82
470.lbm,Sets:  256,/home/ssm-user/advcomparch/advcomparch-ex2-helpcode/outputs/L2_cache/470.lbm/470.lbm.cslab_cache_stats_L2_LRU_1024_16_256.out,32,4,32,1024,16,256,1,15,250,96483398504,501994539053,0.1922,0.192200095813818,31930115984,23589299863,8340816121,0.26122097787491705,86.44819990098304,8340816121,7346940990,993875131,0.1191580196208476,10.300996299988293,993875131,10.300996299988293,20293159000,18239843416,2053315584,0.1011826489902336,21.28154289584725,11636956984,5349456447,6287500537,0.5403045268316169,65.1666570051358,2053315584,1796337405,256978179,0.12515279239218982,2.6634445198294525,6287500537,5550603585,736896952,0.11720030044746539,7.637551780158841,1024,16,256,100.0,89.88,10.12,100.0,45.97,54.03,100.0,73.88,26.12,100.0,87.48,12.52,100.0,88.28,11.72,100.0,88.08,11.92
470.lbm,Sets: 2048,/home/ssm-user/advcomparch/advcomparch-ex2-helpcode/outputs/L2_cache/470.lbm/470.lbm.cslab_cache_stats_L2_LRU_2048_16_064.out,32,4,32,2048,16,64,1,15,250,96483398504,1246656503918,0.0773937,0.07739373131313346,31930115984,23589581422,8340534562,0.2612121598988051,86.44528168910031,8340534562,4367994678,3972539884,0.47629319853179936,41.173299713683974,3972539884,41.173299713683974,20293159000,18240017823,2053141177,0.10117405461613936,21.279735258443253,11636956984,5349563599,6287393385,0.5402953189261355,65.16554643065706,2053141177,1027597741,1025543436,0.49949971657501857,10.629221730383835,6287393385,3340396937,2946996448,0.468715136391931,30.544077983300138,2048,16,64,100.0,89.88,10.12,100.0,45.97,54.03,100.0,73.88,26.12,100.0,50.05,49.95,100.0,53.13,46.87,100.0,52.37,47.63
470.lbm,Sets: 1024,/home/ssm-user/advcomparch/advcomparch-ex2-helpcode/outputs/L2_cache/470.lbm/470.lbm.cslab_cache_stats_L2_LRU_2048_16_128.out,32,4,32,2048,16,128,1,15,250,96483398504,750241432348,0.128603,0.12860313273027305,31930115984,23589589110,8340526874,0.26121191912298064,86.44520200699833,8340526874,6353646815,1986880059,0.23821996967526346,20.592973400679163,1986880059,20.592973400679163,20293159000,18240033210,2053125790,0.10117329638032206,21.279575780230022,11636956984,5349555900,6287401084,0.5402959805252125,65.1656262267683,2053125790,1539849120,513276670,0.24999767306025608,5.319844428766889,6287401084,4813797695,1473603389,0.23437400752911788,15.273128971912277,2048,16,128,100.0,89.88,10.12,100.0,45.97,54.03,100.0,73.88,26.12,100.0,75.0,25.0,100.0,76.56,23.44,100.0,76.18,23.82
470.lbm,Sets:  512,/home/ssm-user/advcomparch/advcomparch-ex2-helpcode/outputs/L2_cache/470.lbm/470.lbm.cslab_cache_stats_L2_LRU_2048_16_256.out,32,4,32,2048,16,256,1,15,250,96483398504,501942740543,0.19222,0.19221993010522392,31930115984,23588575897,8341540087,0.26124365132841665,86.45570343020387,8341540087,7347915588,993624499,0.11911763159281932,10.29839863029707,993624499,10.29839863029707,20293159000,18239030012,2054128988,0.1012227316604576,21.28997340319475,11636956984,5349545885,6287411099,0.5402968411453913,65.16573002700912,2054128988,1797318431,256810557,0.1250216313095524,2.6617072054043907,6287411099,5550597157,736813942,0.11718876504149518,7.636691424892679,2048,16,256,100.0,89.88,10.12,100.0,45.97,54.03,100.0,73.88,26.12,100.0,87.5,12.5,100.0,88.28,11.72,100.0,88.09,11.91
