benchmark,replacement_policy,l2_size_kb,l2_assoc,l2_block_b,ipc_reported,ipc_computed,l2_total_mpki,l2_total_miss_rate,l1_total_mpki,l1_total_miss_rate,total_instructions,total_cycles,l1_size_kb,l1_assoc,l1_block_b,l1_latency,l2_latency,mem_latency,l1_total_accesses,l1_total_hits,l1_total_misses,l2_total_accesses,l2_total_hits,l2_total_misses,mem_accesses,mem_mpki,l1_load_accesses,l1_load_hits,l1_load_misses,l1_load_miss_rate,l1_load_mpki,l1_store_accesses,l1_store_hits,l1_store_misses,l1_store_miss_rate,l1_store_mpki,l2_load_accesses,l2_load_hits,l2_load_misses,l2_load_miss_rate,l2_load_mpki,l2_store_accesses,l2_store_hits,l2_store_misses,l2_store_miss_rate,l2_store_mpki,l2_size_kb_from_file,l2_assoc_from_file,l2_block_b_from_file,policy_printed_l1,policy_printed_l2,file,l1_load_accesses_pct,l1_load_hits_pct,l1_load_misses_pct,l1_store_accesses_pct,l1_store_hits_pct,l1_store_misses_pct,l1_total_accesses_pct,l1_total_hits_pct,l1_total_misses_pct,l2_load_accesses_pct,l2_load_hits_pct,l2_load_misses_pct,l2_store_accesses_pct,l2_store_hits_pct,l2_store_misses_pct,l2_total_accesses_pct,l2_total_hits_pct,l2_total_misses_pct
403.gcc,LFU,512,16,256,0.327275,0.327275097745366,6.6704337381746965,0.19914133515654314,33.49597778347289,0.08666782214833374,3184270144,9729643856,32,4,32,1,10,200,1230678692,1124018450,106660242,106660242,85419779,21240463,21240463,6.6704337381746965,757406703,700417414,56989289,0.07524265203129579,17.897127574864452,473271989,423601036,49670953,0.10495223498215527,15.598850208608432,56989289,39890590,17098699,0.3000335554282841,5.369738818240164,49670953,45529189,4141764,0.0833840252672422,1.3006949199345317,512,16,256,Sets:  256,Sets:  128,/home/ssm-user/advcomparch/advcomparch-ex2-helpcode/outputs/replacment_policies/403.gcc/403.gcc.cslab_cache_stats_L2_LFU_0512_16_256.out,100.0,92.48,7.52,100.0,89.5,10.5,100.0,91.33,8.67,100.0,70.0,30.0,100.0,91.66,8.34,100.0,80.09,19.91
403.gcc,LFU,1024,8,256,0.406624,0.40662373582049194,3.735283987413285,0.11467394807445908,32.57308264112371,0.08427958904304497,3183995391,7830323492,32,4,32,1,10,200,1230577251,1126864706,103712545,103712545,91819418,11893127,11893127,3.735283987413285,757349270,703133417,54215853,0.07158632766622988,17.027616670943853,473227981,423731289,49496692,0.10459375604841929,15.545465970179855,54215853,43688453,10527400,0.1941756777302757,3.3063490072118635,49496692,48130965,1365727,0.02759228838969683,0.4289349802014208,1024,8,256,Sets:  256,Sets:  512,/home/ssm-user/advcomparch/advcomparch-ex2-helpcode/outputs/replacment_policies/403.gcc/403.gcc.cslab_cache_stats_L2_LFU_1024_08_256.out,100.0,92.84,7.16,100.0,89.54,10.46,100.0,91.57,8.43,100.0,80.58,19.42,100.0,97.24,2.76,100.0,88.53,11.47
403.gcc,LFU,1024,16,256,0.383349,0.38334913023206135,4.454104299788342,0.13445149310708368,33.12796456816494,0.085715454819509,3184090009,8305979479,32,4,32,1,10,200,1230611460,1125129039,105482421,105482421,91300152,14182269,14182269,4.454104299788342,757373084,701606965,55766119,0.07363097551008295,17.51398950481114,473238376,423522074,49716302,0.10505551646132773,15.613975063353807,55766119,43413398,12352721,0.22150942582179692,3.8795137590596926,49716302,47886754,1829548,0.03679976036833955,0.5745905407286493,1024,16,256,Sets:  256,Sets:  256,/home/ssm-user/advcomparch/advcomparch-ex2-helpcode/outputs/replacment_policies/403.gcc/403.gcc.cslab_cache_stats_L2_LFU_1024_16_256.out,100.0,92.64,7.36,100.0,89.49,10.51,100.0,91.43,8.57,100.0,77.85,22.15,100.0,96.32,3.68,100.0,86.55,13.45
403.gcc,LFU,2048,16,256,0.431136,0.43113558598416885,3.042209890032883,0.09374342264183894,32.45251564641618,0.08396754155651251,3184120212,7385426570,32,4,32,1,10,200,1230626848,1127294137,103332711,103332711,93645949,9686762,9686762,3.042209890032883,757379017,703381985,53997032,0.07129459727295297,16.958226575900397,473247831,423912152,49335679,0.10424913917883334,15.494289070515784,53997032,45272470,8724562,0.16157484359510724,2.7400228066514973,49335679,48373479,962200,0.01950312673308905,0.3021870833813859,2048,16,256,Sets:  256,Sets:  512,/home/ssm-user/advcomparch/advcomparch-ex2-helpcode/outputs/replacment_policies/403.gcc/403.gcc.cslab_cache_stats_L2_LFU_2048_16_256.out,100.0,92.87,7.13,100.0,89.58,10.42,100.0,91.6,8.4,100.0,83.84,16.16,100.0,98.05,1.95,100.0,90.63,9.37
403.gcc,LIP,512,16,256,0.32517,0.3251700118230918,6.741268706404029,0.19794043755053192,34.05705670769299,0.08811884912944698,3184034925,9791908261,32,4,32,1,10,200,1230597756,1122158898,108438858,108438858,86974423,21464435,21464435,6.741268706404029,757355293,698694631,58660662,0.07745461415821914,18.42337266448169,473242463,423464267,49778196,0.1051853962648318,15.633684043211304,58660662,41206021,17454641,0.29755274497243145,5.481925107966584,49778196,45768402,4009794,0.08055322053053107,1.259343598437445,512,16,256,Sets:  256,Sets:  128,/home/ssm-user/advcomparch/advcomparch-ex2-helpcode/outputs/replacment_policies/403.gcc/403.gcc.cslab_cache_stats_L2_LIP_0512_16_256.out,100.0,92.25,7.75,100.0,89.48,10.52,100.0,91.19,8.81,100.0,70.24,29.76,100.0,91.94,8.06,100.0,80.21,19.79
403.gcc,LIP,1024,8,256,0.406832,0.406832190666929,3.71456517441731,0.11303779832610916,32.86126613772988,0.08502483224076998,3184013591,7826356085,32,4,32,1,10,200,1230590114,1125959396,104630718,104630718,92803492,11827226,11827226,3.71456517441731,757354795,702265516,55089279,0.07273906412647721,17.301835380262357,473235319,423693880,49541439,0.10468668971007213,15.559430757467517,55089279,44623921,10465358,0.1899708652930455,3.2868446383462686,49541439,48179571,1361868,0.027489471995353225,0.4277205360710409,1024,8,256,Sets:  256,Sets:  512,/home/ssm-user/advcomparch/advcomparch-ex2-helpcode/outputs/replacment_policies/403.gcc/403.gcc.cslab_cache_stats_L2_LIP_1024_08_256.out,100.0,92.73,7.27,100.0,89.53,10.47,100.0,91.5,8.5,100.0,81.0,19.0,100.0,97.25,2.75,100.0,88.7,11.3
403.gcc,LIP,1024,16,256,0.38119,0.3811896275604441,4.529742728735625,0.13687970832797025,33.092872450328045,0.08562436456422255,3184396524,8353838336,32,4,32,1,10,200,1230734132,1125353304,105380828,105380828,90956331,14424497,14424497,4.529742728735625,757464617,701714541,55750076,0.0736008979809548,17.507265687493884,473269515,423638763,49630752,0.10486784047351962,15.585606762834162,55750076,43215494,12534582,0.224835245067648,3.936250371312113,49630752,47740837,1889915,0.03807951570026583,0.5934923574235129,1024,16,256,Sets:  256,Sets:  256,/home/ssm-user/advcomparch/advcomparch-ex2-helpcode/outputs/replacment_policies/403.gcc/403.gcc.cslab_cache_stats_L2_LIP_1024_16_256.out,100.0,92.64,7.36,100.0,89.51,10.49,100.0,91.44,8.56,100.0,77.52,22.48,100.0,96.19,3.81,100.0,86.31,13.69
403.gcc,LIP,2048,16,256,0.429433,0.42943322547999846,3.0745379293254578,0.09394903199390899,32.72559454923165,0.08467445618161716,3184070005,7414586986,32,4,32,1,10,200,1230602341,1126401757,104200584,104200584,94411040,9789544,9789544,3.0745379293254578,757366476,702366959,54999517,0.07261942367779162,17.27333787059748,473235865,424034798,49201067,0.10396732504625363,15.452256678634175,54999517,46210140,8789377,0.15980825795251985,2.7604220341254715,49201067,48200900,1000167,0.020328156704406432,0.31411589519998634,2048,16,256,Sets:  256,Sets:  512,/home/ssm-user/advcomparch/advcomparch-ex2-helpcode/outputs/replacment_policies/403.gcc/403.gcc.cslab_cache_stats_L2_LIP_2048_16_256.out,100.0,92.74,7.26,100.0,89.6,10.4,100.0,91.53,8.47,100.0,84.02,15.98,100.0,97.97,2.03,100.0,90.61,9.39
403.gcc,LRU,512,16,256,0.478985,0.4789854724571677,2.45409541512899,0.11661742075972713,21.043986388494126,0.054449396675819925,3184120288,6647634367,32,4,32,1,10,200,1230621239,1163614655,67006584,67006584,59192449,7814135,7814135,2.45409541512899,757367035,719548417,37818618,0.04993433335793391,11.877257948616794,473254204,444066238,29187966,0.061675027402397886,9.166728439877332,37818618,30645320,7173298,0.1896763652230761,2.2528351165105227,29187966,28547129,640837,0.021955520984230283,0.20126029861846725,512,16,256,Sets:  256,Sets:  128,/home/ssm-user/advcomparch/advcomparch-ex2-helpcode/outputs/replacment_policies/403.gcc/403.gcc.cslab_cache_stats_L2_LRU_0512_16_256.out,100.0,95.01,4.99,100.0,93.83,6.17,100.0,94.56,5.44,100.0,81.03,18.97,100.0,97.8,2.2,100.0,88.34,11.66
403.gcc,LRU,1024,8,256,0.506326,0.5063262418117608,1.8784305189196604,0.08825477793691709,21.28417931392143,0.05507140664019232,3184322731,6289073068,32,4,32,1,10,200,1230687577,1162911881,67775696,67775696,61794167,5981529,5981529,1.8784305189196604,757395387,719602465,37792922,0.04989853734084071,11.868433319298502,473292190,443309416,29982774,0.0633493952224312,9.415745994622931,37792922,32342521,5450401,0.14421750718295875,1.7116358674763987,29982774,29451646,531128,0.017714438297136884,0.16679465144326164,1024,8,256,Sets:  256,Sets:  512,/home/ssm-user/advcomparch/advcomparch-ex2-helpcode/outputs/replacment_policies/403.gcc/403.gcc.cslab_cache_stats_L2_LRU_1024_08_256.out,100.0,95.01,4.99,100.0,93.67,6.33,100.0,94.49,5.51,100.0,85.58,14.42,100.0,98.23,1.77,100.0,91.17,8.83
403.gcc,LRU,1024,16,256,0.50796,0.5079598675905824,1.846161074508338,0.08669558099298305,21.294754050471873,0.055099281149921034,3184297449,6268797305,32,4,32,1,10,200,1230666346,1162857515,67808831,67808831,61930105,5878726,5878726,1.846161074508338,757415830,719547414,37868416,0.04999686367790861,11.892235762049252,473250516,443310101,29940415,0.0632654672055339,9.402518288422621,37868416,32520558,5347858,0.141222120302048,1.6794467494484369,29940415,29409547,530868,0.01773081635641991,0.16671432505990116,1024,16,256,Sets:  256,Sets:  256,/home/ssm-user/advcomparch/advcomparch-ex2-helpcode/outputs/replacment_policies/403.gcc/403.gcc.cslab_cache_stats_L2_LRU_1024_16_256.out,100.0,95.0,5.0,100.0,93.67,6.33,100.0,94.49,5.51,100.0,85.88,14.12,100.0,98.23,1.77,100.0,91.33,8.67
403.gcc,LRU,2048,16,256,0.530716,0.5307158918043754,1.4246559056886314,0.0669381480818316,21.283168813499227,0.05506862809833586,3184328217,6000061928,32,4,32,1,10,200,1230693361,1162920766,67772595,67772595,63236023,4536572,4536572,1.4246559056886314,757424635,719581314,37843321,0.04996315045918727,11.884240072354325,473268726,443339452,29929274,0.06323949239781375,9.398928741144902,37843321,33765315,4078006,0.1077602570873735,1.2806487654849683,29929274,29470708,458566,0.01532165464488046,0.14400714020366326,2048,16,256,Sets:  256,Sets:  512,/home/ssm-user/advcomparch/advcomparch-ex2-helpcode/outputs/replacment_policies/403.gcc/403.gcc.cslab_cache_stats_L2_LRU_2048_16_256.out,100.0,95.0,5.0,100.0,93.68,6.32,100.0,94.49,5.51,100.0,89.22,10.78,100.0,98.47,1.53,100.0,93.31,6.69
403.gcc,MRU,512,16,256,0.205387,0.20538736657443518,14.963835528130073,0.30563665094508463,48.95955861922693,0.12667875535467632,3184094473,15502874038,32,4,32,1,10,200,1230607765,1074715905,155891860,155891860,108245594,47646266,47646266,14.963835528130073,757357412,662690258,94667154,0.12499666934004998,29.731264195438964,473250353,412025647,61224706,0.12937065046415294,19.22829442378797,94667154,55071085,39596069,0.4182661813198694,12.435582340838415,61224706,53174509,8050197,0.13148608667879924,2.528253187291657,512,16,256,Sets:  256,Sets:  128,/home/ssm-user/advcomparch/advcomparch-ex2-helpcode/outputs/replacment_policies/403.gcc/403.gcc.cslab_cache_stats_L2_MRU_0512_16_256.out,100.0,87.5,12.5,100.0,87.06,12.94,100.0,87.33,12.67,100.0,58.17,41.83,100.0,86.85,13.15,100.0,69.44,30.56
403.gcc,MRU,1024,8,256,0.311415,0.311414812030166,6.945858573421505,0.15949822718181497,43.5481866861366,0.11267392537003089,3184027110,10224391991,32,4,32,1,10,200,1230618411,1091959804,138658607,138658607,116542805,22115802,22115802,6.945858573421505,757368206,676380906,80987300,0.10693253210050911,25.435493229829945,473250205,415578898,57671307,0.1218621912694153,18.11269345630666,80987300,62263171,18724129,0.23119833603540307,5.880643710976443,57671307,54279634,3391673,0.0588104063603067,1.0652148624450626,1024,8,256,Sets:  256,Sets:  512,/home/ssm-user/advcomparch/advcomparch-ex2-helpcode/outputs/replacment_policies/403.gcc/403.gcc.cslab_cache_stats_L2_MRU_1024_08_256.out,100.0,89.31,10.69,100.0,87.81,12.19,100.0,88.73,11.27,100.0,76.88,23.12,100.0,94.12,5.88,100.0,84.05,15.95
403.gcc,MRU,1024,16,256,0.264959,0.2649588284377085,9.697071387390139,0.21632069303379134,44.82729438128864,0.11598743509683482,3184412465,12018518061,32,4,32,1,10,200,1230724646,1087976051,142748595,142748595,111869120,30879475,30879475,9.697071387390139,757438097,673099468,84338629,0.11134722340220497,26.484831951566925,473286549,414876583,58409966,0.12341353483088319,18.34246242972171,84338629,58176340,26162289,0.31020529157522825,8.21573501785674,58409966,53692780,4717186,0.08075995113573597,1.4813363695333985,1024,16,256,Sets:  256,Sets:  256,/home/ssm-user/advcomparch/advcomparch-ex2-helpcode/outputs/replacment_policies/403.gcc/403.gcc.cslab_cache_stats_L2_MRU_1024_16_256.out,100.0,88.87,11.13,100.0,87.66,12.34,100.0,88.4,11.6,100.0,68.98,31.02,100.0,91.92,8.08,100.0,78.37,21.63
403.gcc,MRU,2048,16,256,0.315212,0.31521216275872277,6.782835181519904,0.15795624199084385,42.941229140619086,0.11110650403526591,3184052011,10101298069,32,4,32,1,10,200,1230594988,1093867881,136727107,136727107,115130207,21596900,21596900,6.782835181519904,757361555,677907999,79453556,0.10490835648503441,24.953598661551514,473233433,415959882,57273551,0.12102600324943652,17.987630479067576,79453556,61199127,18254429,0.2297496791710619,5.733081286654899,57273551,53931080,3342471,0.05835976540026303,1.0497538948650045,2048,16,256,Sets:  256,Sets:  512,/home/ssm-user/advcomparch/advcomparch-ex2-helpcode/outputs/replacment_policies/403.gcc/403.gcc.cslab_cache_stats_L2_MRU_2048_16_256.out,100.0,89.51,10.49,100.0,87.9,12.1,100.0,88.89,11.11,100.0,77.03,22.97,100.0,94.16,5.84,100.0,84.2,15.8
403.gcc,Random,512,16,256,0.200172,0.20017198462772662,15.551010227204868,0.311634137126017,49.90149786098829,0.12911557396429293,3184023242,15906437896,32,4,32,1,10,200,1230583764,1071696235,158887529,158887529,109372751,49514778,49514778,15.551010227204868,757353151,660474387,96878764,0.1279175558615983,30.426525385269155,473230613,411221848,62008765,0.13103286916901127,19.474972475719134,96878764,55280561,41598203,0.4293841217875158,13.06466688159935,62008765,54092190,7916575,0.12766864490850607,2.4863433456055155,512,16,256,Sets:  256,Sets:  128,/home/ssm-user/advcomparch/advcomparch-ex2-helpcode/outputs/replacment_policies/403.gcc/403.gcc.cslab_cache_stats_L2_Random_0512_16_256.out,100.0,87.21,12.79,100.0,86.9,13.1,100.0,87.09,12.91,100.0,57.06,42.94,100.0,87.23,12.77,100.0,68.84,31.16
403.gcc,Random,1024,8,256,0.323941,0.3239407030513666,6.386555692834666,0.1509166806585885,42.31842142938899,0.10949440061841424,3184060545,9829146245,32,4,32,1,10,200,1230605540,1095861124,134744416,134744416,114409236,20335180,20335180,6.386555692834666,757370495,678501937,78868558,0.10413471150602453,24.76980474628506,473235045,417359187,55875858,0.11807210516287947,17.548616683103933,78868558,61430520,17438038,0.22110253366113275,5.476666587695179,55875858,52978716,2897142,0.051849619919930354,0.9098891051394878,1024,8,256,Sets:  256,Sets:  512,/home/ssm-user/advcomparch/advcomparch-ex2-helpcode/outputs/replacment_policies/403.gcc/403.gcc.cslab_cache_stats_L2_Random_1024_08_256.out,100.0,89.59,10.41,100.0,88.19,11.81,100.0,89.05,10.95,100.0,77.89,22.11,100.0,94.82,5.18,100.0,84.91,15.09
403.gcc,Random,1024,16,256,0.224228,0.2242276234120418,12.801004584211203,0.2494978056005769,51.30708285548786,0.13275410753407932,3184209312,14200789642,32,4,32,1,10,200,1230639820,1067267329,163372491,163372491,122611413,40761078,40761078,12.801004584211203,757385586,662426198,94959388,0.12537786532420225,29.821967934751143,473254234,404841131,68413103,0.14455888206591302,21.48511492073672,94959388,61967819,32991569,0.34742819741003383,10.36099256279042,68413103,60643594,7769509,0.1135675573727448,2.4400120214207828,1024,16,256,Sets:  256,Sets:  256,/home/ssm-user/advcomparch/advcomparch-ex2-helpcode/outputs/replacment_policies/403.gcc/403.gcc.cslab_cache_stats_L2_Random_1024_16_256.out,100.0,87.46,12.54,100.0,85.54,14.46,100.0,86.72,13.28,100.0,65.26,34.74,100.0,88.64,11.36,100.0,75.05,24.95
403.gcc,Random,2048,16,256,0.31663,0.3166295856274178,6.6693059559517645,0.15229682600154898,43.79149671762649,0.11330610737938197,3184223387,10056619885,32,4,32,1,10,200,1230665418,1091223510,139441908,139441908,118205348,21236560,21236560,6.6693059559517645,757399316,676074410,81324906,0.1073738836067288,25.53994997085297,473266102,415149100,58117002,0.12279984083880151,18.251546746773517,81324906,63572086,17752820,0.2182949956314736,5.575243267315403,58117002,54633262,3483740,0.0599435600618215,1.0940626886363611,2048,16,256,Sets:  256,Sets:  512,/home/ssm-user/advcomparch/advcomparch-ex2-helpcode/outputs/replacment_policies/403.gcc/403.gcc.cslab_cache_stats_L2_Random_2048_16_256.out,100.0,89.26,10.74,100.0,87.72,12.28,100.0,88.67,11.33,100.0,78.17,21.83,100.0,94.01,5.99,100.0,84.77,15.23
403.gcc,SRRIP,512,16,256,0.324934,0.324933977328583,6.765832821775398,0.20023863776464515,33.788847633530985,0.08742416429356603,3184033299,9799016173,32,4,32,1,10,200,1230607314,1123022498,107584816,107584816,86042179,21542637,21542637,6.765832821775398,757359396,699539142,57820254,0.07634453907270201,18.159437597012392,473247918,423483356,49764562,0.10515537439723084,15.62941003651859,57820254,40351756,17468498,0.3021172822935022,5.486279934787831,49764562,45690423,4074139,0.0818682780730593,1.2795528869875679,512,16,256,Sets:  256,Sets:  128,/home/ssm-user/advcomparch/advcomparch-ex2-helpcode/outputs/replacment_policies/403.gcc/403.gcc.cslab_cache_stats_L2_SRRIP_0512_16_256.out,100.0,92.37,7.63,100.0,89.48,10.52,100.0,91.26,8.74,100.0,69.79,30.21,100.0,91.81,8.19,100.0,79.98,20.02
403.gcc,SRRIP,1024,8,256,0.401684,0.4016835395598967,3.8794703260136996,0.1185880523207598,32.713837946510964,0.08464352876728698,3184105551,7926900750,32,4,32,1,10,200,1230623469,1126459156,104164313,104164313,91811670,12352643,12352643,3.8794703260136996,757380009,702859755,54520254,0.07198533543549075,17.12262772912078,473243460,423599401,49644059,0.10490173282056554,15.591210217390184,54520254,43567962,10952292,0.20088483080067823,3.439676174227429,49644059,48243708,1400351,0.028207826439010555,0.43979415178627035,1024,8,256,Sets:  256,Sets:  512,/home/ssm-user/advcomparch/advcomparch-ex2-helpcode/outputs/replacment_policies/403.gcc/403.gcc.cslab_cache_stats_L2_SRRIP_1024_08_256.out,100.0,92.8,7.2,100.0,89.51,10.49,100.0,91.54,8.46,100.0,79.91,20.09,100.0,97.18,2.82,100.0,88.14,11.86
403.gcc,SRRIP,1024,16,256,0.383973,0.3839725703453604,4.431416296110269,0.13364523469584158,33.15805689739385,0.0857930444691547,3184238640,8292880497,32,4,32,1,10,200,1230672797,1125089631,105583166,105583166,91472479,14110687,14110687,4.431416296110269,757410773,701929834,55480939,0.0732507920111139,17.42361213228667,473262024,423159797,50102227,0.1058657243962596,15.73444476510718,55480939,43249224,12231715,0.22046697875823623,3.841331125860592,50102227,48223255,1878972,0.03750276409868967,0.5900851702496771,1024,16,256,Sets:  256,Sets:  256,/home/ssm-user/advcomparch/advcomparch-ex2-helpcode/outputs/replacment_policies/403.gcc/403.gcc.cslab_cache_stats_L2_SRRIP_1024_16_256.out,100.0,92.67,7.33,100.0,89.41,10.59,100.0,91.42,8.58,100.0,77.95,22.05,100.0,96.25,3.75,100.0,86.64,13.36
403.gcc,SRRIP,2048,16,256,0.430237,0.4302367402011742,3.057555438370132,0.09370280268997225,32.63035203425501,0.08442804453687262,3184159763,7400948049,32,4,32,1,10,200,1230636746,1126736492,103900254,103900254,94164509,9735745,9735745,3.057555438370132,757391317,702354124,55037193,0.07266678632915988,17.2846832748574,473245429,424382368,48863061,0.10325099410521724,15.345668759397611,55037193,46281573,8755620,0.15908551150128605,2.7497426799184135,48863061,47882936,980125,0.020058608280803365,0.30781275845171846,2048,16,256,Sets:  256,Sets:  512,/home/ssm-user/advcomparch/advcomparch-ex2-helpcode/outputs/replacment_policies/403.gcc/403.gcc.cslab_cache_stats_L2_SRRIP_2048_16_256.out,100.0,92.73,7.27,100.0,89.67,10.33,100.0,91.56,8.44,100.0,84.09,15.91,100.0,97.99,2.01,100.0,90.63,9.37
429.mcf,LFU,512,16,256,0.0490899,0.04908988035875286,84.98534752344035,0.4423290727818333,192.13149836379182,0.42468186806148484,18199704597,370742492424,32,4,32,1,10,200,8233778687,4737042173,3496736514,3496736514,1950028294,1546708220,1546708220,84.98534752344035,6352980990,2956785848,3396195142,0.5345829221503778,186.60715748978814,1880797697,1780256325,100541372,0.05345677111385787,5.524340874003692,3396195142,1874288456,1521906686,0.4481210950392438,83.62260375648448,100541372,75739838,24801534,0.24667988417743095,1.3627437669558786,512,16,256,Sets:  256,Sets:  128,/home/ssm-user/advcomparch/advcomparch-ex2-helpcode/outputs/replacment_policies/429.mcf/429.mcf.cslab_cache_stats_L2_LFU_0512_16_256.out,100.0,46.54,53.46,100.0,94.65,5.35,100.0,57.53,42.47,100.0,55.19,44.81,100.0,75.33,24.67,100.0,55.77,44.23
429.mcf,LFU,1024,8,256,0.0565663,0.05656629742218434,71.65001267190623,0.3779097120836133,189.5955842914498,0.41907655745569106,18199704597,321741132554,32,4,32,1,10,200,8233778687,4783195060,3450583627,3450583627,2146574562,1304009065,1304009065,71.65001267190623,6352980990,2997039270,3355941720,0.5282467750623633,184.39539510730225,1880797697,1786155790,94641907,0.05032008873200997,5.2001891841475585,3355941720,2066309382,1289632338,0.38428329381119286,70.86006979545043,94641907,80265180,14376727,0.1519065650272664,0.7899428764557985,1024,8,256,Sets:  256,Sets:  512,/home/ssm-user/advcomparch/advcomparch-ex2-helpcode/outputs/replacment_policies/429.mcf/429.mcf.cslab_cache_stats_L2_LFU_1024_08_256.out,100.0,47.18,52.82,100.0,94.97,5.03,100.0,58.09,41.91,100.0,61.57,38.43,100.0,84.81,15.19,100.0,62.21,37.79
429.mcf,LFU,1024,16,256,0.0518106,0.05181055592901115,79.84722445657397,0.42489366027376474,187.92284263579577,0.41537917801943464,18199704597,351274065114,32,4,32,1,10,200,8233778687,4813638464,3420140223,3420140223,1966944325,1453195898,1453195898,79.84722445657397,6352980990,3029892712,3323088278,0.5230754323412512,182.59023163198873,1880797697,1783745752,97051945,0.05160148013515991,5.332611003807052,3323088278,1890049245,1433039033,0.4312371243602575,78.73968642525215,97051945,76895080,20156865,0.20769150994346378,1.1075380313218168,1024,16,256,Sets:  256,Sets:  256,/home/ssm-user/advcomparch/advcomparch-ex2-helpcode/outputs/replacment_policies/429.mcf/429.mcf.cslab_cache_stats_L2_LFU_1024_16_256.out,100.0,47.69,52.31,100.0,94.84,5.16,100.0,58.46,41.54,100.0,56.88,43.12,100.0,79.23,20.77,100.0,57.51,42.49
429.mcf,LFU,2048,16,256,0.057179,0.05717900089795135,70.84005007490727,0.3791248280870429,186.8515191483138,0.4130111557855138,18199704597,318293504804,32,4,32,1,10,200,8233778687,4833136235,3400642452,3400642452,2111374467,1289267985,1289267985,70.84005007490727,6352980990,3040994390,3311986600,0.5213279569407306,181.9802394235531,1880797697,1792141845,88655852,0.04713736737417964,4.871279724760689,3311986600,2035655013,1276331587,0.3853673764863662,70.12924743901546,88655852,75719454,12936398,0.14591702305224025,0.7108026358918159,2048,16,256,Sets:  256,Sets:  512,/home/ssm-user/advcomparch/advcomparch-ex2-helpcode/outputs/replacment_policies/429.mcf/429.mcf.cslab_cache_stats_L2_LFU_2048_16_256.out,100.0,47.87,52.13,100.0,95.29,4.71,100.0,58.7,41.3,100.0,61.46,38.54,100.0,85.41,14.59,100.0,62.09,37.91
429.mcf,LIP,512,16,256,0.0493771,0.049377053951496816,84.44295976393644,0.4418050159624129,191.13173620265218,0.42247202289905317,18199704597,368586279264,32,4,32,1,10,200,8233778687,4755237549,3478541138,3478541138,1941704215,1536836923,1536836923,84.44295976393644,6352980990,2978402536,3374578454,0.5311803166595026,185.419408101616,1880797697,1776835013,103962684,0.05527584607628324,5.712328101036155,3374578454,1863007337,1511571117,0.44792887099966056,83.05470613238218,103962684,78696878,25265806,0.243027642495263,1.3882536315542595,512,16,256,Sets:  256,Sets:  128,/home/ssm-user/advcomparch/advcomparch-ex2-helpcode/outputs/replacment_policies/429.mcf/429.mcf.cslab_cache_stats_L2_LIP_0512_16_256.out,100.0,46.88,53.12,100.0,94.47,5.53,100.0,57.75,42.25,100.0,55.21,44.79,100.0,75.7,24.3,100.0,55.82,44.18
429.mcf,LIP,1024,8,256,0.0566415,0.05664148522933639,71.730107927971,0.3863790455725868,185.64699289443087,0.4103487060363346,18199704597,321314042584,32,4,32,1,10,200,8233778687,4855058257,3378720430,3378720430,2073253655,1305466775,1305466775,71.730107927971,6352980990,3060248857,3292732133,0.5182971802029586,180.9222845047038,1880797697,1794809400,85988297,0.04571905693906217,4.724708389727058,3292732133,2000904540,1291827593,0.39232696156884744,70.98069015982502,85988297,72349115,13639182,0.15861672432005486,0.7494177681459869,1024,8,256,Sets:  256,Sets:  512,/home/ssm-user/advcomparch/advcomparch-ex2-helpcode/outputs/replacment_policies/429.mcf/429.mcf.cslab_cache_stats_L2_LIP_1024_08_256.out,100.0,48.17,51.83,100.0,95.43,4.57,100.0,58.97,41.03,100.0,60.77,39.23,100.0,84.14,15.86,100.0,61.36,38.64
429.mcf,LIP,1024,16,256,0.0517848,0.05178482100913865,79.91390526414048,0.4260974801357037,187.54841084413235,0.41455154489264695,18199704597,351448633834,32,4,32,1,10,200,8233778687,4820453012,3413325675,3413325675,1958916206,1454409469,1454409469,79.91390526414048,6352980990,3038848563,3314132427,0.5216657238887787,182.09814391967078,1880797697,1781604449,99193248,0.05273998801584028,5.450266924461554,3314132427,1881119903,1433012524,0.4323944668973845,78.73822986314924,99193248,77796303,21396945,0.21570969225647293,1.1756754009912351,1024,16,256,Sets:  256,Sets:  256,/home/ssm-user/advcomparch/advcomparch-ex2-helpcode/outputs/replacment_policies/429.mcf/429.mcf.cslab_cache_stats_L2_LIP_1024_16_256.out,100.0,47.83,52.17,100.0,94.73,5.27,100.0,58.54,41.46,100.0,56.76,43.24,100.0,78.43,21.57,100.0,57.39,42.61
429.mcf,LIP,2048,16,256,0.0569984,0.05699836981143251,71.11934092674,0.38070812427247186,186.80804635479768,0.4129150647888916,18199704597,319302195084,32,4,32,1,10,200,8233778687,4833927427,3399851260,3399851260,2105500264,1294350996,1294350996,71.11934092674,6352980990,3047529434,3305451556,0.5202992990539391,181.6211652437954,1880797697,1786397993,94399704,0.050191311989893406,5.1868811110022435,3305451556,2025179241,1280272315,0.3873214576919366,70.34577446993492,94399704,80321023,14078681,0.14913903755460928,0.7735664568050572,2048,16,256,Sets:  256,Sets:  512,/home/ssm-user/advcomparch/advcomparch-ex2-helpcode/outputs/replacment_policies/429.mcf/429.mcf.cslab_cache_stats_L2_LIP_2048_16_256.out,100.0,47.97,52.03,100.0,94.98,5.02,100.0,58.71,41.29,100.0,61.27,38.73,100.0,85.09,14.91,100.0,61.93,38.07
429.mcf,LRU,512,16,256,0.0762941,0.07629409446108522,49.551149920787914,0.2840369825130493,174.4531626916274,0.3856061897817196,18199704597,238546701754,32,4,32,1,10,200,8233778687,5058782660,3174996027,3174996027,2273179736,901816291,901816291,49.551149920787914,6352980990,3249305762,3103675228,0.4885384094310032,170.53437386624412,1880797697,1809476898,71320799,0.037920505280159326,3.918788825383263,3103675228,2211006001,892669227,0.28761682889586154,49.048555829150416,71320799,62173735,9147064,0.12825240502423424,0.5025940916374974,512,16,256,Sets:  256,Sets:  128,/home/ssm-user/advcomparch/advcomparch-ex2-helpcode/outputs/replacment_policies/429.mcf/429.mcf.cslab_cache_stats_L2_LRU_0512_16_256.out,100.0,51.15,48.85,100.0,96.21,3.79,100.0,61.44,38.56,100.0,71.24,28.76,100.0,87.17,12.83,100.0,71.6,28.4
429.mcf,LRU,1024,8,256,0.0865461,0.08654614564598802,41.78858101495591,0.23955839450337119,174.44006127018787,0.38557723078135486,18199704597,210289025134,32,4,32,1,10,200,8233778687,5059021102,3174757585,3174757585,2414217755,760539830,760539830,41.78858101495591,6352980990,3249890446,3103090544,0.4884463764151764,170.50224785030338,1880797697,1809130656,71667041,0.03810459844475235,3.9378134198844874,3103090544,2351312923,751777621,0.24226738161205263,41.307133145662235,71667041,62904832,8762209,0.12226274278576675,0.48144786929367767,1024,8,256,Sets:  256,Sets:  512,/home/ssm-user/advcomparch/advcomparch-ex2-helpcode/outputs/replacment_policies/429.mcf/429.mcf.cslab_cache_stats_L2_LRU_1024_08_256.out,100.0,51.16,48.84,100.0,96.19,3.81,100.0,61.44,38.56,100.0,75.77,24.23,100.0,87.77,12.23,100.0,76.04,23.96
429.mcf,LRU,1024,16,256,0.0865808,0.08658084419694975,41.765557509394775,0.2394299707142859,174.43746655774362,0.3855714955045403,18199704597,210204748704,32,4,32,1,10,200,8233778687,5059068325,3174710362,3174710362,2414589553,760120809,760120809,41.765557509394775,6352980990,3249943063,3103037927,0.4884380941615253,170.49935675942223,1880797697,1809125262,71672435,0.038107466376805114,3.93810979832136,3103037927,2351688131,751349796,0.2421336166929809,41.28362589598574,71672435,62901422,8771013,0.12237637803152634,0.48193161340903273,1024,16,256,Sets:  256,Sets:  256,/home/ssm-user/advcomparch/advcomparch-ex2-helpcode/outputs/replacment_policies/429.mcf/429.mcf.cslab_cache_stats_L2_LRU_1024_16_256.out,100.0,51.16,48.84,100.0,96.19,3.81,100.0,61.44,38.56,100.0,75.79,24.21,100.0,87.76,12.24,100.0,76.06,23.94
429.mcf,LRU,2048,16,256,0.103193,0.10319257413087793,32.46937178845244,0.18614208513838568,174.43326566538337,0.3855622099744202,18199704597,176366417354,32,4,32,1,10,200,8233778687,5059144780,3174633907,3174633907,2583700932,590932975,590932975,32.46937178845244,6352980990,3250116527,3102864463,0.48841078981412156,170.48982561571188,1880797697,1809028253,71769444,0.03815904502354354,3.943440049671483,3102864463,2520251683,582612780,0.1877661067530812,32.01221079687396,71769444,63449249,8320195,0.11592948943564339,0.4571609915784832,2048,16,256,Sets:  256,Sets:  512,/home/ssm-user/advcomparch/advcomparch-ex2-helpcode/outputs/replacment_policies/429.mcf/429.mcf.cslab_cache_stats_L2_LRU_2048_16_256.out,100.0,51.16,48.84,100.0,96.18,3.82,100.0,61.44,38.56,100.0,81.22,18.78,100.0,88.41,11.59,100.0,81.39,18.61
429.mcf,MRU,512,16,256,0.0490201,0.049020140411720106,84.983940962149,0.43568607168290724,195.0577410792246,0.431149949731458,18199704597,371269940154,32,4,32,1,10,200,8233778687,4683785420,3549993267,3549993267,2003310646,1546682621,1546682621,84.983940962149,6352980990,2917388240,3435592750,0.5407843586196532,188.77189636178576,1880797697,1766397180,114400517,0.06082553013674814,6.2858447174388505,3435592750,1916915247,1518677503,0.4420423529535042,83.44517323925882,114400517,86395399,28005118,0.24479887621486884,1.5387677228902004,512,16,256,Sets:  256,Sets:  128,/home/ssm-user/advcomparch/advcomparch-ex2-helpcode/outputs/replacment_policies/429.mcf/429.mcf.cslab_cache_stats_L2_MRU_0512_16_256.out,100.0,45.92,54.08,100.0,93.92,6.08,100.0,56.89,43.11,100.0,55.8,44.2,100.0,75.52,24.48,100.0,56.43,43.57
429.mcf,MRU,1024,8,256,0.0547347,0.05473472053502207,74.52064970458707,0.3894679516422811,191.33961957679352,0.42293152225455244,18199704597,332507491024,32,4,32,1,10,200,8233778687,4751454133,3482324554,3482324554,2126070743,1356253811,1356253811,74.52064970458707,6352980990,2977716578,3375264412,0.5312882908532046,185.45709871336985,1880797697,1773737555,107060142,0.05692273133403353,5.88252086342366,3375264412,2035736802,1339527610,0.39686597744390284,73.6016127547919,107060142,90333941,16726201,0.15623182154942405,0.9190369497951693,1024,8,256,Sets:  256,Sets:  512,/home/ssm-user/advcomparch/advcomparch-ex2-helpcode/outputs/replacment_policies/429.mcf/429.mcf.cslab_cache_stats_L2_MRU_1024_08_256.out,100.0,46.87,53.13,100.0,94.31,5.69,100.0,57.71,42.29,100.0,60.31,39.69,100.0,84.38,15.62,100.0,61.05,38.95
429.mcf,MRU,1024,16,256,0.0514756,0.05147559754845546,80.24478799731368,0.41678883888013424,192.5310385300206,0.42556500000811837,18199704597,353559850954,32,4,32,1,10,200,8233778687,4729770660,3504008027,3504008027,2043576590,1460431437,1460431437,80.24478799731368,6352980990,2957036052,3395944938,0.5345435384342304,186.59340979412272,1880797697,1772734608,108063089,0.05745598751655639,5.937628735897883,3395944938,1956757934,1439187004,0.42379574176711815,79.07749251255608,108063089,86818656,21244433,0.19659287178066878,1.167295484757587,1024,16,256,Sets:  256,Sets:  256,/home/ssm-user/advcomparch/advcomparch-ex2-helpcode/outputs/replacment_policies/429.mcf/429.mcf.cslab_cache_stats_L2_MRU_1024_16_256.out,100.0,46.55,53.45,100.0,94.25,5.75,100.0,57.44,42.56,100.0,57.62,42.38,100.0,80.34,19.66,100.0,58.32,41.68
429.mcf,MRU,2048,16,256,0.0550384,0.05503843680898995,73.99431302978307,0.38582002934857906,191.7845300948101,0.42391493950534453,18199704597,330672629024,32,4,32,1,10,200,8233778687,4743356893,3490421794,3490421794,2143747155,1346674639,1346674639,73.99431302978307,6352980990,2970983416,3381997574,0.532348133785302,185.82705867420952,1880797697,1772373477,108424220,0.05764799700305035,5.957471420600553,3381997574,2051846435,1330151139,0.39330339833058675,73.08641367834394,108424220,91900720,16523500,0.1523967615353839,0.9078993514391271,2048,16,256,Sets:  256,Sets:  512,/home/ssm-user/advcomparch/advcomparch-ex2-helpcode/outputs/replacment_policies/429.mcf/429.mcf.cslab_cache_stats_L2_MRU_2048_16_256.out,100.0,46.77,53.23,100.0,94.24,5.76,100.0,57.61,42.39,100.0,60.67,39.33,100.0,84.76,15.24,100.0,61.42,38.58
429.mcf,Random,512,16,256,0.0490214,0.04902141013206963,84.96032931517367,0.4346305205682928,195.47713585342652,0.4320769677252803,18199704597,371260323764,32,4,32,1,10,200,8233778687,4676152559,3557626128,3557626128,2011373232,1546252896,1546252896,84.96032931517367,6352980990,2910909973,3442071017,0.5418040794420825,189.12785087552376,1880797697,1765242586,115555111,0.061439415405664444,6.349284977902765,3442071017,1923703236,1518367781,0.4411204107936626,83.4281552707336,115555111,87669996,27885115,0.2413144235567391,1.5321740444400687,512,16,256,Sets:  256,Sets:  128,/home/ssm-user/advcomparch/advcomparch-ex2-helpcode/outputs/replacment_policies/429.mcf/429.mcf.cslab_cache_stats_L2_Random_0512_16_256.out,100.0,45.82,54.18,100.0,93.86,6.14,100.0,56.79,43.21,100.0,55.89,44.11,100.0,75.87,24.13,100.0,56.54,43.46
429.mcf,Random,1024,8,256,0.0546987,0.05469868346724601,74.57333055964656,0.38943785942513165,191.48967866074426,0.4232632084831745,18199704597,332726556534,32,4,32,1,10,200,8233778687,4748723102,3485055585,3485055585,2127842998,1357212587,1357212587,74.57333055964656,6352980990,2974845811,3378135179,0.5317401680120564,185.61483572413832,1880797697,1773877291,106920406,0.05684843519882298,5.874842936605934,3378135179,2037684305,1340450874,0.39680202329759995,73.65234236938973,106920406,90158693,16761713,0.15676813834769762,0.9209881902568333,1024,8,256,Sets:  256,Sets:  512,/home/ssm-user/advcomparch/advcomparch-ex2-helpcode/outputs/replacment_policies/429.mcf/429.mcf.cslab_cache_stats_L2_Random_1024_08_256.out,100.0,46.83,53.17,100.0,94.32,5.68,100.0,57.67,42.33,100.0,60.32,39.68,100.0,84.32,15.68,100.0,61.06,38.94
429.mcf,Random,1024,16,256,0.0514598,0.051459825671418755,80.25311752811413,0.4159057733162162,192.95985455603932,0.42651284246255816,18199704597,353668213204,32,4,32,1,10,200,8233778687,4721966335,3511812352,3511812352,2051229320,1460583032,1460583032,80.25311752811413,6352980990,2951668082,3401312908,0.5353884913796979,186.8883579880008,1880797697,1770298253,110499444,0.058751371386861075,6.071496568038499,3401312908,1961980217,1439332691,0.4231697376664882,79.08549742270303,110499444,89249103,21250341,0.1923117459305949,1.1676201054110988,1024,16,256,Sets:  256,Sets:  256,/home/ssm-user/advcomparch/advcomparch-ex2-helpcode/outputs/replacment_policies/429.mcf/429.mcf.cslab_cache_stats_L2_Random_1024_16_256.out,100.0,46.46,53.54,100.0,94.12,5.88,100.0,57.35,42.65,100.0,57.68,42.32,100.0,80.77,19.23,100.0,58.41,41.59
429.mcf,Random,2048,16,256,0.0550432,0.05504317270309476,73.98694549261866,0.3857996694324446,191.7755543996756,0.4238950998902407,18199704597,330644178074,32,4,32,1,10,200,8233778687,4743520248,3490258439,3490258439,2143717887,1346540552,1346540552,73.98694549261866,6352980990,2970144469,3382836521,0.5324801894299388,185.87315541141365,1880797697,1773375779,107421918,0.05711508376012223,5.9023989882619965,3382836521,2052789954,1330046567,0.39317494615637677,73.08066787079841,107421918,90927933,16493985,0.15354394435593674,0.9062776218202373,2048,16,256,Sets:  256,Sets:  512,/home/ssm-user/advcomparch/advcomparch-ex2-helpcode/outputs/replacment_policies/429.mcf/429.mcf.cslab_cache_stats_L2_Random_2048_16_256.out,100.0,46.75,53.25,100.0,94.29,5.71,100.0,57.61,42.39,100.0,60.68,39.32,100.0,84.65,15.35,100.0,61.42,38.58
429.mcf,SRRIP,512,16,256,0.0493477,0.049347745452717834,84.49878567004305,0.4418975635164855,191.21803930672888,0.4226627847666851,18199704597,368805189174,32,4,32,1,10,200,8233778687,4753666858,3480111829,3480111829,1942258891,1537852938,1537852938,84.49878567004305,6352980990,2980050177,3372930813,0.5309209673866819,185.32887690693545,1880797697,1773616681,107181016,0.05698699874577739,5.8891623997934275,3372930813,1862920631,1510010182,0.44768489652384696,82.96893908096216,107181016,79338260,27842756,0.2597732046130259,1.5298465890808766,512,16,256,Sets:  256,Sets:  128,/home/ssm-user/advcomparch/advcomparch-ex2-helpcode/outputs/replacment_policies/429.mcf/429.mcf.cslab_cache_stats_L2_SRRIP_0512_16_256.out,100.0,46.91,53.09,100.0,94.3,5.7,100.0,57.73,42.27,100.0,55.23,44.77,100.0,74.02,25.98,100.0,55.81,44.19
429.mcf,SRRIP,1024,8,256,0.0562944,0.05629440772093726,72.21465458382461,0.38650322677423965,186.84101342834558,0.41298793424808017,18199704597,323295071994,32,4,32,1,10,200,8233778687,4833327436,3400451251,3400451251,2086165870,1314285381,1314285381,72.21465458382461,6352980990,3048712120,3304268870,0.5201131366835713,181.55618144179485,1880797697,1784615316,96182381,0.05113914226576172,5.284831986550732,3304268870,2004664292,1299604578,0.3933107834532848,71.40800396365906,96182381,81501578,14680803,0.15263505485479717,0.8066506201655576,1024,8,256,Sets:  256,Sets:  512,/home/ssm-user/advcomparch/advcomparch-ex2-helpcode/outputs/replacment_policies/429.mcf/429.mcf.cslab_cache_stats_L2_SRRIP_1024_08_256.out,100.0,47.99,52.01,100.0,94.89,5.11,100.0,58.7,41.3,100.0,60.67,39.33,100.0,84.74,15.26,100.0,61.35,38.65
429.mcf,SRRIP,1024,16,256,0.0518453,0.05184527103189797,79.7941453532923,0.42513334289735843,187.69204224133816,0.41486902354969746,18199704597,351038855324,32,4,32,1,10,200,8233778687,4817838963,3415939724,3415939724,1963709850,1452229874,1452229874,79.7941453532923,6352980990,3034147966,3318833024,0.5224056280388776,182.35642267221576,1880797697,1783690997,97106700,0.05163059278246235,5.335619569122394,3318833024,1887524228,1431308796,0.4312686976565411,78.64461691515223,97106700,76185622,20921078,0.2154442278442167,1.1495284381400668,1024,16,256,Sets:  256,Sets:  256,/home/ssm-user/advcomparch/advcomparch-ex2-helpcode/outputs/replacment_policies/429.mcf/429.mcf.cslab_cache_stats_L2_SRRIP_1024_16_256.out,100.0,47.76,52.24,100.0,94.84,5.16,100.0,58.51,41.49,100.0,56.87,43.13,100.0,78.46,21.54,100.0,57.49,42.51
429.mcf,SRRIP,2048,16,256,0.0570456,0.057045648449970766,71.05603665749433,0.38075236514222155,186.62007951271144,0.4124995883557685,18199704597,319037561874,32,4,32,1,10,200,8233778687,4837348368,3396430319,3396430319,2103231442,1293198877,1293198877,71.05603665749433,6352980990,3048697726,3304283264,0.5201154023915945,181.55697233375264,1880797697,1788650642,92147055,0.04899360263306405,5.0631071789587905,3304283264,2024544225,1279739039,0.3872970132260428,70.31647311522569,92147055,78687217,13459838,0.1460691066035697,0.7395635422686305,2048,16,256,Sets:  256,Sets:  512,/home/ssm-user/advcomparch/advcomparch-ex2-helpcode/outputs/replacment_policies/429.mcf/429.mcf.cslab_cache_stats_L2_SRRIP_2048_16_256.out,100.0,47.99,52.01,100.0,95.1,4.9,100.0,58.75,41.25,100.0,61.27,38.73,100.0,85.39,14.61,100.0,61.92,38.08
433.milc,LFU,512,16,256,0.237343,0.23734345829872505,12.325406887142762,0.30565603073654213,40.324435468988185,0.11688998776897101,38323372715,161467996589,32,4,32,1,10,200,13220707774,11675339404,1545368370,1545368370,1073017208,472351162,472351162,12.325406887142762,9656551853,8498566554,1157985299,0.11991705907323937,30.216163582772495,3564155921,3176772850,387383071,0.10868858702772785,10.108271886215691,1157985299,780977379,377007920,0.325572285179762,9.837545427008745,387383071,292039829,95343242,0.24612134380028186,2.4878614601340154,512,16,256,Sets:  256,Sets:  128,/home/ssm-user/advcomparch/advcomparch-ex2-helpcode/outputs/replacment_policies/433.milc/433.milc.cslab_cache_stats_L2_LFU_0512_16_256.out,100.0,88.01,11.99,100.0,89.13,10.87,100.0,88.31,11.69,100.0,67.44,32.56,100.0,75.39,24.61,100.0,69.43,30.57
433.milc,LFU,1024,8,256,0.276628,0.27662797424501995,9.479569783736869,0.2534158051774847,37.40717662459004,0.1084336176629873,38323372715,138537589409,32,4,32,1,10,200,13220707774,11787138602,1433569172,1433569172,1070280086,363289086,363289086,9.479569783736869,9656551853,8578655037,1077896816,0.11162336540088375,28.126355788568283,3564155921,3208483565,355672356,0.09979146925205465,9.280820836021764,1077896816,783114135,294782681,0.27347949880204486,7.691981684185648,355672356,287165951,68506405,0.19261099111115626,1.7875880995512219,1024,8,256,Sets:  256,Sets:  512,/home/ssm-user/advcomparch/advcomparch-ex2-helpcode/outputs/replacment_policies/433.milc/433.milc.cslab_cache_stats_L2_LFU_1024_08_256.out,100.0,88.84,11.16,100.0,90.02,9.98,100.0,89.16,10.84,100.0,72.65,27.35,100.0,80.74,19.26,100.0,74.66,25.34
433.milc,LFU,1024,16,256,0.261129,0.2611293769392112,10.496794971350422,0.2725147187469894,38.518268002602646,0.11165438085720447,38323372715,146760097099,32,4,32,1,10,200,13220707774,11744557833,1476149941,1476149941,1073877355,402272586,402272586,10.496794971350422,9656551853,8547838113,1108713740,0.11481466230159122,28.930484491675305,3564155921,3196719720,367436201,0.10309206699826644,9.587783510927347,1108713740,780547733,328166007,0.2959880401590405,8.563077405542488,367436201,293329622,74106579,0.20168556826549597,1.9337175658079342,1024,16,256,Sets:  256,Sets:  256,/home/ssm-user/advcomparch/advcomparch-ex2-helpcode/outputs/replacment_policies/433.milc/433.milc.cslab_cache_stats_L2_LFU_1024_16_256.out,100.0,88.52,11.48,100.0,89.69,10.31,100.0,88.83,11.17,100.0,70.4,29.6,100.0,79.83,20.17,100.0,72.75,27.25
433.milc,LFU,2048,16,256,0.277378,0.27737786128268704,9.411945803476238,0.2491095520281413,37.782356103362076,0.10952116480840385,38323372715,138163055039,32,4,32,1,10,200,13220707774,11772760459,1447947315,1447947315,1087249808,360697507,360697507,9.411945803476238,9656551853,8566507488,1090044365,0.11288132467919758,28.443330734649827,3564155921,3206252971,357902950,0.10041730999792588,9.339025368712255,1090044365,796621208,293423157,0.2691846005735739,7.656506622788772,357902950,290628600,67274350,0.18796813493713868,1.7554391806874663,2048,16,256,Sets:  256,Sets:  512,/home/ssm-user/advcomparch/advcomparch-ex2-helpcode/outputs/replacment_policies/433.milc/433.milc.cslab_cache_stats_L2_LFU_2048_16_256.out,100.0,88.71,11.29,100.0,89.96,10.04,100.0,89.05,10.95,100.0,73.08,26.92,100.0,81.2,18.8,100.0,75.09,24.91
433.milc,LIP,512,16,256,0.244999,0.24499928801970575,11.714252039833806,0.2974546238604277,39.38164378755932,0.11415708136050659,38323372715,156422384019,32,4,32,1,10,200,13220707774,11711470361,1509237413,1509237413,1060307766,448929647,448929647,11.714252039833806,9656551853,8516600746,1139951107,0.11804949886390881,29.74558412375371,3564155921,3194869615,369286306,0.10361115343584319,9.63605966380561,1139951107,779971080,359980027,0.31578549710553505,9.393224069214076,369286306,280336686,88949620,0.24086899122655256,2.3210279706197308,512,16,256,Sets:  256,Sets:  128,/home/ssm-user/advcomparch/advcomparch-ex2-helpcode/outputs/replacment_policies/433.milc/433.milc.cslab_cache_stats_L2_LIP_0512_16_256.out,100.0,88.2,11.8,100.0,89.64,10.36,100.0,88.58,11.42,100.0,68.42,31.58,100.0,75.91,24.09,100.0,70.25,29.75
433.milc,LIP,1024,8,256,0.273771,0.2737707613112365,9.6539034482002,0.2561174596412095,37.69326566694901,0.10926291494324046,38323372715,139983439179,32,4,32,1,10,200,13220707774,11776174705,1444533069,1444533069,1074562929,369970140,369970140,9.6539034482002,9656551853,8569740195,1086811658,0.11254655642555891,28.358977329117366,3564155921,3206434510,357721411,0.10036637535757235,9.334288337831646,1086811658,786956142,299855516,0.275903845705711,7.824350905384555,357721411,287606787,70114624,0.1960034312846876,1.829552542815646,1024,8,256,Sets:  256,Sets:  512,/home/ssm-user/advcomparch/advcomparch-ex2-helpcode/outputs/replacment_policies/433.milc/433.milc.cslab_cache_stats_L2_LIP_1024_08_256.out,100.0,88.75,11.25,100.0,89.96,10.04,100.0,89.07,10.93,100.0,72.41,27.59,100.0,80.4,19.6,100.0,74.39,25.61
433.milc,LIP,1024,16,256,0.263826,0.2638257780083421,10.301754752537052,0.26754221495625,38.50515610862253,0.11161637290720741,38323372715,145260152379,32,4,32,1,10,200,13220707774,11745060325,1475647449,1475647449,1080849462,394797987,394797987,10.301754752537052,9656551853,8540013585,1116538268,0.11562494407909436,29.134655665705022,3564155921,3205046740,359109181,0.10075574384502355,9.370500442917502,1116538268,791644875,324893393,0.2909827654917422,8.477682677256503,359109181,289204587,69904594,0.1946611161690127,1.8240720752805484,1024,16,256,Sets:  256,Sets:  256,/home/ssm-user/advcomparch/advcomparch-ex2-helpcode/outputs/replacment_policies/433.milc/433.milc.cslab_cache_stats_L2_LIP_1024_16_256.out,100.0,88.44,11.56,100.0,89.92,10.08,100.0,88.84,11.16,100.0,70.9,29.1,100.0,80.53,19.47,100.0,73.25,26.75
433.milc,LIP,2048,16,256,0.27957,0.2795697041574775,9.288763518898191,0.24823315882436725,37.41951140971575,0.10846937304685249,38323372780,137079848818,32,4,32,1,10,200,13220707788,11786665903,1434041885,1434041885,1078065138,355976747,355976747,9.288763518898191,9656551867,8578090594,1078461273,0.11168181850557858,28.141084533217853,3564155921,3208575309,355580612,0.0997657285151078,9.2784268764979,1078461273,788647831,289813442,0.2687286500272875,7.562315656915414,355580612,289417307,66163305,0.18607118264367012,1.726447861982778,2048,16,256,Sets:  256,Sets:  512,/home/ssm-user/advcomparch/advcomparch-ex2-helpcode/outputs/replacment_policies/433.milc/433.milc.cslab_cache_stats_L2_LIP_2048_16_256.out,100.0,88.83,11.17,100.0,90.02,9.98,100.0,89.15,10.85,100.0,73.13,26.87,100.0,81.39,18.61,100.0,75.18,24.82
433.milc,LRU,512,16,256,0.283473,0.2834725038381843,9.100210192708245,0.2509300126287139,36.265929680453496,0.1051254413726065,38323372715,135192557289,32,4,32,1,10,200,13220707774,11830875034,1389832740,1389832740,1041081993,348750747,348750747,9.100210192708245,9656551853,8616938729,1039613124,0.10765883514383279,27.12739120670058,3564155921,3213936305,350219616,0.0982615866877503,9.13853847375291,1039613124,757747775,281865349,0.2711252315818206,7.35492022312734,350219616,283334218,66885398,0.19098130128724713,1.745289969580904,512,16,256,Sets:  256,Sets:  128,/home/ssm-user/advcomparch/advcomparch-ex2-helpcode/outputs/replacment_policies/433.milc/433.milc.cslab_cache_stats_L2_LRU_0512_16_256.out,100.0,89.23,10.77,100.0,90.17,9.83,100.0,89.49,10.51,100.0,72.89,27.11,100.0,80.9,19.1,100.0,74.91,25.09
433.milc,LRU,1024,8,256,0.28463,0.2846301364356973,9.028682119738635,0.2489865089592228,36.26173224195568,0.10511327409663687,38323372715,134642709289,32,4,32,1,10,200,13220707774,11831035894,1389671880,1389671880,1043662330,346009550,346009550,9.028682119738635,9656551853,8617190222,1039361631,0.10763279137543301,27.120828814557537,3564155921,3213845672,350310249,0.09828701570993925,9.140903427398143,1039361631,759051669,280309962,0.2696943524173638,7.3143343641642735,350310249,284610661,65699588,0.18754686221013192,1.7143477555743623,1024,8,256,Sets:  256,Sets:  512,/home/ssm-user/advcomparch/advcomparch-ex2-helpcode/outputs/replacment_policies/433.milc/433.milc.cslab_cache_stats_L2_LRU_1024_08_256.out,100.0,89.24,10.76,100.0,90.17,9.83,100.0,89.49,10.51,100.0,73.03,26.97,100.0,81.25,18.75,100.0,75.1,24.9
433.milc,LRU,1024,16,256,0.284401,0.28440149140493765,9.042716792626114,0.24936143458874796,36.263493621375545,0.10511837987472031,38323372715,134750955509,32,4,32,1,10,200,13220707774,11830968392,1389739382,1389739382,1043191976,346547406,346547406,9.042716792626114,9656551853,8617188411,1039363442,0.10763297891649606,27.120876070314836,3564155921,3213779981,350375940,0.09830544672178498,9.142617551060706,1039363442,758627413,280736029,0.27010381321455024,7.325452044311284,350375940,284564563,65811377,0.1878307540180984,1.7172647483148327,1024,16,256,Sets:  256,Sets:  256,/home/ssm-user/advcomparch/advcomparch-ex2-helpcode/outputs/replacment_policies/433.milc/433.milc.cslab_cache_stats_L2_LRU_1024_16_256.out,100.0,89.24,10.76,100.0,90.17,9.83,100.0,89.49,10.51,100.0,72.99,27.01,100.0,81.22,18.78,100.0,75.06,24.94
433.milc,LRU,2048,16,256,0.289929,0.2899285020275641,8.708019867713253,0.24019169661629555,36.25445837798569,0.10509218906815238,38323372715,132182149899,32,4,32,1,10,200,13220707774,11831314653,1389393121,1389393121,1055672430,333720691,333720691,8.708019867713253,9656551853,8617410361,1039141492,0.10760999452171637,27.115084565437364,3564155921,3213904292,350251629,0.09827056861803325,9.139373812548325,1039141492,766603065,272538427,0.2622726828811875,7.111545975527535,350251629,289069365,61182264,0.17468088349704722,1.596473892185718,2048,16,256,Sets:  256,Sets:  512,/home/ssm-user/advcomparch/advcomparch-ex2-helpcode/outputs/replacment_policies/433.milc/433.milc.cslab_cache_stats_L2_LRU_2048_16_256.out,100.0,89.24,10.76,100.0,90.17,9.83,100.0,89.49,10.51,100.0,73.77,26.23,100.0,82.53,17.47,100.0,75.98,24.02
433.milc,MRU,512,16,256,0.232827,0.2328268465050634,12.643463992675887,0.3000583278638898,42.136687499008914,0.12214323223872507,38323372715,164600316889,32,4,32,1,10,200,13220707774,11605887794,1614819980,1614819980,1130279797,484540183,484540183,12.643463992675887,9656551853,8442066867,1214484986,0.12576797644624008,31.6904515432861,3564155921,3163820927,400334994,0.11232252540951616,10.446235955722823,1214484986,826132771,388352215,0.3197669954562946,10.133560474649888,400334994,304147026,96187968,0.24026869856897895,2.509903518025997,512,16,256,Sets:  256,Sets:  128,/home/ssm-user/advcomparch/advcomparch-ex2-helpcode/outputs/replacment_policies/433.milc/433.milc.cslab_cache_stats_L2_MRU_0512_16_256.out,100.0,87.42,12.58,100.0,88.77,11.23,100.0,87.79,12.21,100.0,68.02,31.98,100.0,75.97,24.03,100.0,69.99,30.01
433.milc,MRU,1024,8,256,0.268138,0.26813783611853403,9.888939731626186,0.2431748886312012,40.66595768703627,0.11787997247793384,38323373717,142924155247,32,4,32,1,10,200,13220707990,11662251296,1558456694,1558456694,1179479161,378977533,378977533,9.888939731626186,9656552069,8512298341,1144253728,0.11849506115887336,29.85785480291409,3564155921,3149952955,414202966,0.11621348088604005,10.808102884122183,1144253728,839547790,304705938,0.26629228338419714,7.9509163324218095,414202966,339931371,74271595,0.1793120790931275,1.9380233992043765,1024,8,256,Sets:  256,Sets:  512,/home/ssm-user/advcomparch/advcomparch-ex2-helpcode/outputs/replacment_policies/433.milc/433.milc.cslab_cache_stats_L2_MRU_1024_08_256.out,100.0,88.15,11.85,100.0,88.38,11.62,100.0,88.21,11.79,100.0,73.37,26.63,100.0,82.07,17.93,100.0,75.68,24.32
433.milc,MRU,1024,16,256,0.244478,0.24447802837405683,11.610195279755404,0.27425848281293663,42.333039841376085,0.12271240630479123,38323372715,156755897329,32,4,32,1,10,200,13220707774,11598362910,1622344864,1622344864,1177403023,444941841,444941841,11.610195279755404,9656551853,8462794278,1193757575,0.12362151554430223,31.149595936600747,3564155921,3135568632,428587289,0.12024930965414966,11.183443904775332,1193757575,822378245,371379330,0.31110112955723024,9.690674481127802,428587289,355024778,73562511,0.1716395070223373,1.9195207986276006,1024,16,256,Sets:  256,Sets:  256,/home/ssm-user/advcomparch/advcomparch-ex2-helpcode/outputs/replacment_policies/433.milc/433.milc.cslab_cache_stats_L2_MRU_1024_16_256.out,100.0,87.64,12.36,100.0,87.98,12.02,100.0,87.73,12.27,100.0,68.89,31.11,100.0,82.84,17.16,100.0,72.57,27.43
433.milc,MRU,2048,16,256,0.269733,0.26973348999118607,9.678414730309573,0.2268187794444318,42.67025311579496,0.12368989935742604,38323372715,142078659629,32,4,32,1,10,200,13220707774,11585439760,1635268014,1635268014,1264358519,370909495,370909495,9.678414730309573,9656551853,8463088297,1193463556,0.12359106792651114,31.14192388220756,3564155921,3122351463,441804458,0.12395766846138491,11.528329233587394,1193463556,893142057,300321499,0.25163860051709863,7.836510143128722,441804458,371216462,70587996,0.15977203199701528,1.841904587180852,2048,16,256,Sets:  256,Sets:  512,/home/ssm-user/advcomparch/advcomparch-ex2-helpcode/outputs/replacment_policies/433.milc/433.milc.cslab_cache_stats_L2_MRU_2048_16_256.out,100.0,87.64,12.36,100.0,87.6,12.4,100.0,87.63,12.37,100.0,74.84,25.16,100.0,84.02,15.98,100.0,77.32,22.68
433.milc,Random,512,16,256,0.238609,0.23860873336773286,12.198764509477545,0.3002914206659008,40.62308700803571,0.11775570178578076,38323373866,160611781996,32,4,32,1,10,200,13220708020,11663894269,1556813751,1556813751,1089315938,467497813,467497813,12.198764509477545,9656552099,8482221873,1174330226,0.12160968158827722,30.642662885217696,3564155921,3181672396,382483525,0.10731391484486068,9.980424122818018,1174330226,800289540,374040686,0.3185140582424215,9.760118910925117,382483525,289026398,93457127,0.24434288248101665,2.438645598552427,512,16,256,Sets:  256,Sets:  128,/home/ssm-user/advcomparch/advcomparch-ex2-helpcode/outputs/replacment_policies/433.milc/433.milc.cslab_cache_stats_L2_Random_0512_16_256.out,100.0,87.84,12.16,100.0,89.27,10.73,100.0,88.22,11.78,100.0,68.15,31.85,100.0,75.57,24.43,100.0,69.97,30.03
433.milc,Random,1024,8,256,0.270616,0.27061589687347126,9.766253867669278,0.24597287309539093,39.70459727842354,0.11509323903160648,38323372715,141615378689,32,4,32,1,10,200,13220707774,11699093694,1521614080,1521614080,1147338293,374275787,374275787,9.766253867669278,9656551853,8513373749,1143178104,0.11838367580917085,29.829788534049175,3564155921,3185719945,378435976,0.10617828860130836,9.874808744374366,1143178104,840098476,303079628,0.26512021787289236,7.908480035249424,378435976,307239817,71196159,0.18813263937675948,1.8577738324198536,1024,8,256,Sets:  256,Sets:  512,/home/ssm-user/advcomparch/advcomparch-ex2-helpcode/outputs/replacment_policies/433.milc/433.milc.cslab_cache_stats_L2_Random_1024_08_256.out,100.0,88.16,11.84,100.0,89.38,10.62,100.0,88.49,11.51,100.0,73.49,26.51,100.0,81.19,18.81,100.0,75.4,24.6
433.milc,Random,1024,16,256,0.254742,0.2547419309736783,10.876368426645666,0.26836010776054336,40.529006033753,0.11748298431151755,38323372715,150439986729,32,4,32,1,10,200,13220707774,11667499570,1553208204,1553208204,1136389083,416819121,416819121,10.876368426645666,9656551853,8478672633,1177879220,0.12197720655681753,30.735270320792278,3564155921,3188826937,375328984,0.1053065556948736,9.793735712960721,1177879220,837980152,339899068,0.28856869382584066,8.869236810855153,375328984,298408931,76920053,0.2049403490778639,2.007131615790513,1024,16,256,Sets:  256,Sets:  256,/home/ssm-user/advcomparch/advcomparch-ex2-helpcode/outputs/replacment_policies/433.milc/433.milc.cslab_cache_stats_L2_Random_1024_16_256.out,100.0,87.8,12.2,100.0,89.47,10.53,100.0,88.25,11.75,100.0,71.14,28.86,100.0,79.51,20.49,100.0,73.16,26.84
433.milc,Random,2048,16,256,0.2697,0.26969959916819963,9.767057006793511,0.2385467526870074,40.94399482188164,0.11868592822888303,38323372715,142096513429,32,4,32,1,10,200,13220707774,11651595800,1569111974,1569111974,1194805408,374306566,374306566,9.767057006793511,9656551853,8487967902,1168583951,0.12101461979277377,30.492722018242645,3564155921,3163627898,400528023,0.11237668381455751,10.45127280363899,1168583951,865485736,303098215,0.25937222117471986,7.908965039534883,400528023,329319672,71208351,0.17778618950714467,1.8580919672586285,2048,16,256,Sets:  256,Sets:  512,/home/ssm-user/advcomparch/advcomparch-ex2-helpcode/outputs/replacment_policies/433.milc/433.milc.cslab_cache_stats_L2_Random_2048_16_256.out,100.0,87.9,12.1,100.0,88.76,11.24,100.0,88.13,11.87,100.0,74.06,25.94,100.0,82.22,17.78,100.0,76.15,23.85
433.milc,SRRIP,512,16,256,0.236093,0.23609326345287346,12.429530264531156,0.3071062897799703,40.47305665226339,0.11732080169341166,38323372715,162323025039,32,4,32,1,10,200,13220707774,11669643739,1551064035,1551064035,1074722514,476341521,476341521,12.429530264531156,9656551853,8481799697,1174752156,0.1216533783365995,30.65367353589406,3564155921,3187844042,376311879,0.10558232786135172,9.819383116369329,1174752156,789332101,385420055,0.32808627167141796,10.057049463424294,376311879,285390413,90921466,0.24161200077343292,2.3724808011068608,512,16,256,Sets:  256,Sets:  128,/home/ssm-user/advcomparch/advcomparch-ex2-helpcode/outputs/replacment_policies/433.milc/433.milc.cslab_cache_stats_L2_SRRIP_0512_16_256.out,100.0,87.83,12.17,100.0,89.44,10.56,100.0,88.27,11.73,100.0,67.19,32.81,100.0,75.84,24.16,100.0,69.29,30.71
433.milc,SRRIP,1024,8,256,0.27758,0.2775800167458583,9.405095007402425,0.24975811897028422,37.65681390530262,0.1091572508931698,38323372780,138062434138,32,4,32,1,10,200,13220707788,11777571671,1443136117,1443136117,1082701155,360434962,360434962,9.405095007402425,9656551867,8569731103,1086820764,0.11254749924909195,28.359214890584585,3564155921,3207840568,356315353,0.09997187578146921,9.297599014718037,1086820764,792771428,294049336,0.27055918118251926,7.672845959775673,356315353,289929727,66385626,0.18631143856436633,1.7322490476267522,1024,8,256,Sets:  256,Sets:  512,/home/ssm-user/advcomparch/advcomparch-ex2-helpcode/outputs/replacment_policies/433.milc/433.milc.cslab_cache_stats_L2_SRRIP_1024_08_256.out,100.0,88.75,11.25,100.0,90.0,10.0,100.0,89.08,10.92,100.0,72.94,27.06,100.0,81.37,18.63,100.0,75.02,24.98
433.milc,SRRIP,1024,16,256,0.263283,0.2632829957058993,10.357230193485593,0.2712945331592976,38.17706930129727,0.11066533509478961,38323372715,145559619649,32,4,32,1,10,200,13220707774,11757633718,1463074056,1463074056,1066150063,396923993,396923993,10.357230193485593,9656551853,8553358119,1103193734,0.11424302906396872,28.786446908108463,3564155921,3204275599,359880322,0.10097210390813315,9.39062239318881,1103193734,779346497,323847237,0.293554275209471,8.4503845579657,359880322,286803566,73076756,0.20305849342882382,1.9068456355198955,1024,16,256,Sets:  256,Sets:  256,/home/ssm-user/advcomparch/advcomparch-ex2-helpcode/outputs/replacment_policies/433.milc/433.milc.cslab_cache_stats_L2_SRRIP_1024_16_256.out,100.0,88.58,11.42,100.0,89.9,10.1,100.0,88.93,11.07,100.0,70.64,29.36,100.0,79.69,20.31,100.0,72.87,27.13
433.milc,SRRIP,2048,16,256,0.279336,0.27933598823104117,9.30172468511557,0.24831374889432944,37.45956366304124,0.10858547398069128,38323372715,137194541089,32,4,32,1,10,200,13220707774,11785130954,1435576820,1435576820,1079103358,356473462,356473462,9.30172468511557,9656551853,8576955245,1079596608,0.11179939013785774,28.170709713590508,3564155921,3208175709,355980212,0.0998778448222664,9.288853949450727,1079596608,789480351,290116257,0.26872653623602344,7.570217244643677,355980212,289623007,66357205,0.18640700455563525,1.7315074404718922,2048,16,256,Sets:  256,Sets:  512,/home/ssm-user/advcomparch/advcomparch-ex2-helpcode/outputs/replacment_policies/433.milc/433.milc.cslab_cache_stats_L2_SRRIP_2048_16_256.out,100.0,88.82,11.18,100.0,90.01,9.99,100.0,89.14,10.86,100.0,73.13,26.87,100.0,81.36,18.64,100.0,75.17,24.83
444.namd,LFU,512,16,256,0.465213,0.46521292302632583,2.8453295723073704,0.09850007713060568,28.88657202303121,0.09905493967290054,60533954898,130120965910,32,4,32,1,10,200,17653016132,15904397684,1748618448,1748618448,1576379396,172239052,172239052,2.8453295723073704,13926612474,12192755508,1733856966,0.12449954856121603,28.642717445466054,3726403658,3711642176,14761482,0.0039613212509357195,0.24385457756515608,1733856966,1564862303,168994663,0.09746747644926554,2.7917333880589297,14761482,11517093,3244389,0.2197874847525472,0.05359618424844058,512,16,256,Sets:  256,Sets:  128,/home/ssm-user/advcomparch/advcomparch-ex2-helpcode/outputs/replacment_policies/444.namd/444.namd.cslab_cache_stats_L2_LFU_0512_16_256.out,100.0,87.55,12.45,100.0,99.6,0.4,100.0,90.09,9.91,100.0,90.25,9.75,100.0,78.02,21.98,100.0,90.15,9.85
444.namd,LFU,1024,8,256,0.600097,0.6000970980059601,0.4730739708636057,0.01688582055234013,28.016048695841697,0.09606983120801205,60533958247,100873606035,32,4,32,1,10,200,17653016568,15957094246,1695922322,1695922322,1667285282,28637040,28637040,0.4730739708636057,13926612910,12243959963,1682652947,0.12082284169697656,27.796843222017298,3726403658,3713134283,13269375,0.0035609064980152505,0.21920547382439867,1682652947,1655232768,27420179,0.016295801846059464,0.45297184909197497,13269375,12052514,1216861,0.09170446987895059,0.02010212177163066,1024,8,256,Sets:  256,Sets:  512,/home/ssm-user/advcomparch/advcomparch-ex2-helpcode/outputs/replacment_policies/444.namd/444.namd.cslab_cache_stats_L2_LFU_1024_08_256.out,100.0,87.92,12.08,100.0,99.64,0.36,100.0,90.39,9.61,100.0,98.37,1.63,100.0,90.83,9.17,100.0,98.31,1.69
444.namd,LFU,1024,16,256,0.56634,0.5663397718213281,0.9715042491976479,0.03472114438806459,27.980190927451194,0.09594686805359105,60533954482,106886285396,32,4,32,1,10,200,17653016074,15959264470,1693751604,1693751604,1634942610,58808994,58808994,0.9715042491976479,13926612416,12250974036,1675638380,0.12031916520308222,27.680966729147976,3726403658,3708290434,18113224,0.004860778826554061,0.299224198303219,1675638380,1619457929,56180451,0.033527789569966764,0.9280816275881245,18113224,15484681,2628543,0.1451173463100771,0.04342262160952341,1024,16,256,Sets:  256,Sets:  256,/home/ssm-user/advcomparch/advcomparch-ex2-helpcode/outputs/replacment_policies/444.namd/444.namd.cslab_cache_stats_L2_LFU_1024_16_256.out,100.0,87.97,12.03,100.0,99.51,0.49,100.0,90.41,9.59,100.0,96.65,3.35,100.0,85.49,14.51,100.0,96.53,3.47
444.namd,LFU,2048,16,256,0.606405,0.6064050066548226,0.3699580644329272,0.013051988986418198,28.344956835153848,0.09719768737035005,60533955475,99824300279,32,4,32,1,10,200,17653016254,15937183899,1715832355,1715832355,1693437330,22395025,22395025,0.3699580644329272,13926612596,12223734485,1702878111,0.12227511171590287,28.130957206377733,3726403658,3713449414,12954244,0.0034763394384795874,0.21399962877611708,1702878111,1681670646,21207465,0.012453894887136758,0.35033998412277056,12954244,11766684,1187560,0.09167343150244815,0.019618080310156702,2048,16,256,Sets:  256,Sets:  512,/home/ssm-user/advcomparch/advcomparch-ex2-helpcode/outputs/replacment_policies/444.namd/444.namd.cslab_cache_stats_L2_LFU_2048_16_256.out,100.0,87.77,12.23,100.0,99.65,0.35,100.0,90.28,9.72,100.0,98.75,1.25,100.0,90.83,9.17,100.0,98.69,1.31
444.namd,LIP,512,16,256,0.443038,0.4430375918669793,3.3499003229195505,0.11334729872811619,29.554302224306966,0.10134465347215785,60533955477,136633903281,32,4,32,1,10,200,17653016254,15863977439,1789038815,1789038815,1586256098,202782717,202782717,3.3499003229195505,13926612596,12155812971,1770799625,0.12715221399269833,29.25299711618579,3726403658,3708164468,18239190,0.004894582464474384,0.301305108121177,1770799625,1574711999,196087626,0.1107339437120109,3.2392997360713345,18239190,11544099,6695091,0.3670717285142597,0.11060058684821635,512,16,256,Sets:  256,Sets:  128,/home/ssm-user/advcomparch/advcomparch-ex2-helpcode/outputs/replacment_policies/444.namd/444.namd.cslab_cache_stats_L2_LIP_0512_16_256.out,100.0,87.28,12.72,100.0,99.51,0.49,100.0,89.87,10.13,100.0,88.93,11.07,100.0,63.29,36.71,100.0,88.67,11.33
444.namd,LIP,1024,8,256,0.599856,0.5998559433303248,0.4870906496789133,0.017519540355941523,27.802707136304683,0.09533825958803455,60533956091,100914155747,32,4,32,1,10,200,17653016326,15970008473,1683007853,1683007853,1653522329,29485524,29485524,0.4870906496789133,13926612668,12258151452,1668461216,0.11980380698270741,27.56240172857398,3726403658,3711857021,14546637,0.0039036664663986867,0.24030540773069925,1668461216,1640226932,28234284,0.01692234960527845,0.46642059801205993,14546637,13295397,1251240,0.08601575745651727,0.020670051666853314,1024,8,256,Sets:  256,Sets:  512,/home/ssm-user/advcomparch/advcomparch-ex2-helpcode/outputs/replacment_policies/444.namd/444.namd.cslab_cache_stats_L2_LIP_1024_08_256.out,100.0,88.02,11.98,100.0,99.61,0.39,100.0,90.47,9.53,100.0,98.31,1.69,100.0,91.4,8.6,100.0,98.25,1.75
444.namd,LIP,1024,16,256,0.553564,0.553563648259078,1.1370632868158521,0.03955792190786424,28.744262387296953,0.09856694577731151,60533955144,109353197838,32,4,32,1,10,200,17653016194,15913012304,1740003890,1740003890,1671172952,68830938,68830938,1.1370632868158521,13926612536,12206432637,1720179899,0.12351746661676494,28.416776913188375,3726403658,3706579667,19823991,0.005319872139305419,0.32748547410857415,1720179899,1654818218,65361681,0.03799700312624104,1.079752361208113,19823991,16354734,3469257,0.1750029547531574,0.05731092560773911,1024,16,256,Sets:  256,Sets:  256,/home/ssm-user/advcomparch/advcomparch-ex2-helpcode/outputs/replacment_policies/444.namd/444.namd.cslab_cache_stats_L2_LIP_1024_16_256.out,100.0,87.65,12.35,100.0,99.47,0.53,100.0,90.14,9.86,100.0,96.2,3.8,100.0,82.5,17.5,100.0,96.04,3.96
444.namd,LIP,2048,16,256,0.609831,0.609830717005152,0.3178900147379252,0.01116972791556291,28.459960452125735,0.09759204626629354,60533955481,99263539525,32,4,32,1,10,200,17653016254,15930222275,1722793979,1722793979,1703550839,19243140,19243140,0.3178900147379252,13926612596,12218001031,1708611565,0.12268680220851029,28.22567187991354,3726403658,3712221244,14182414,0.00380592531073562,0.23428857221219393,1708611565,1690554367,18057198,0.010568345883811222,0.29829866322989046,14182414,12996472,1185942,0.08362060224726199,0.019591351508034784,2048,16,256,Sets:  256,Sets:  512,/home/ssm-user/advcomparch/advcomparch-ex2-helpcode/outputs/replacment_policies/444.namd/444.namd.cslab_cache_stats_L2_LIP_2048_16_256.out,100.0,87.73,12.27,100.0,99.62,0.38,100.0,90.24,9.76,100.0,98.94,1.06,100.0,91.64,8.36,100.0,98.88,1.12
444.namd,LRU,512,16,256,0.715831,0.7158305286812264,0.04414153927504704,0.004572894112823807,9.652867130962104,0.03310064547662505,60533956085,84564647161,32,4,32,1,10,200,17653016326,17068690091,584326235,584326235,581654173,2672062,2672062,0.04414153927504704,13926612668,13368362342,558250326,0.04008514771741478,9.222102140757515,3726403658,3700327749,26075909,0.006997607181932409,0.43076499020458825,558250326,556052002,2198324,0.003937882160771009,0.03631555150489716,26075909,25602171,473738,0.018167650454678302,0.007825987770149881,512,16,256,Sets:  256,Sets:  128,/home/ssm-user/advcomparch/advcomparch-ex2-helpcode/outputs/replacment_policies/444.namd/444.namd.cslab_cache_stats_L2_LRU_0512_16_256.out,100.0,95.99,4.01,100.0,99.3,0.7,100.0,96.69,3.31,100.0,99.61,0.39,100.0,98.18,1.82,100.0,99.54,0.46
444.namd,LRU,1024,8,256,0.716319,0.716318510115391,0.032578474804322986,0.0033280828451007507,9.788961489429731,0.03356732683748625,60533957217,84507040321,32,4,32,1,10,200,17653016544,17060451968,592564576,592564576,590592472,1972104,1972104,0.032578474804322986,13926612886,13361409451,565203435,0.0405844148628689,9.33696491993541,3726403658,3699042517,27361141,0.007342505941689906,0.4519965694943211,565203435,563670948,1532487,0.0027113901032820155,0.02531615427860423,27361141,26921524,439617,0.016067202752984608,0.007262320525718754,1024,8,256,Sets:  256,Sets:  512,/home/ssm-user/advcomparch/advcomparch-ex2-helpcode/outputs/replacment_policies/444.namd/444.namd.cslab_cache_stats_L2_LRU_1024_08_256.out,100.0,95.94,4.06,100.0,99.27,0.73,100.0,96.64,3.36,100.0,99.73,0.27,100.0,98.39,1.61,100.0,99.67,0.33
444.namd,LRU,1024,16,256,0.716889,0.7168893789237779,0.03213318814433141,0.0033172483725845514,9.686699497660957,0.03321666004105864,60533956085,84439744631,32,4,32,1,10,200,17653016326,17066642084,586374242,586374242,584429093,1945149,1945149,0.03213318814433141,13926612668,13365677803,560934865,0.040277910958843074,9.266449795753505,3726403658,3700964281,25439377,0.006826790475418753,0.42024970190745137,560934865,559427872,1506993,0.002686573957209809,0.024895002697063524,25439377,25001221,438156,0.017223534994587328,0.007238185447267881,1024,16,256,Sets:  256,Sets:  256,/home/ssm-user/advcomparch/advcomparch-ex2-helpcode/outputs/replacment_policies/444.namd/444.namd.cslab_cache_stats_L2_LRU_1024_16_256.out,100.0,95.97,4.03,100.0,99.32,0.68,100.0,96.68,3.32,100.0,99.73,0.27,100.0,98.28,1.72,100.0,99.67,0.33
444.namd,LRU,2048,16,256,0.717524,0.7175237623605489,0.025760435003666694,0.0026582291076146093,9.690825719225947,0.03323080886240176,60533954484,84365086788,32,4,32,1,10,200,17653016074,17066392071,586624003,586624003,585064622,1559381,1559381,0.025760435003666694,13926612416,13366052856,560559560,0.040250962923042546,9.260250131984423,3726403658,3700339215,26064443,0.006994530220590504,0.4305755872415242,560559560,559435279,1124281,0.0020056405781394577,0.018572733428429227,26064443,25629343,435100,0.016693239905414436,0.007187701575237468,2048,16,256,Sets:  256,Sets:  512,/home/ssm-user/advcomparch/advcomparch-ex2-helpcode/outputs/replacment_policies/444.namd/444.namd.cslab_cache_stats_L2_LRU_2048_16_256.out,100.0,95.97,4.03,100.0,99.3,0.7,100.0,96.68,3.32,100.0,99.8,0.2,100.0,98.33,1.67,100.0,99.73,0.27
444.namd,MRU,512,16,256,0.308135,0.308135037443294,7.672362016013374,0.1830080707166249,41.92362656996415,0.1437603035534775,60533957213,196452690727,32,4,32,1,10,200,17653016544,15115213527,2537803017,2537803017,2073364583,464438434,464438434,7.672362016013374,13926612886,11475689955,2450922931,0.17598844392837532,40.48839765052814,3726403658,3639523572,86880086,0.02331472754259517,1.4352289194360157,2450922931,2007518020,443404911,0.1809134450503046,7.324895503523704,86880086,65846563,21033523,0.24209832158775718,0.3474665124896698,512,16,256,Sets:  256,Sets:  128,/home/ssm-user/advcomparch/advcomparch-ex2-helpcode/outputs/replacment_policies/444.namd/444.namd.cslab_cache_stats_L2_MRU_0512_16_256.out,100.0,82.4,17.6,100.0,97.67,2.33,100.0,85.62,14.38,100.0,81.91,18.09,100.0,75.79,24.21,100.0,81.7,18.3
444.namd,MRU,1024,8,256,0.46606,0.46605952088939506,2.303779930844567,0.05857996238395897,39.32709815934286,0.13485654631694832,60533955146,129884601500,32,4,32,1,10,200,17653016194,15272391398,2380624796,2380624796,2241167885,139456911,139456911,2.303779930844567,13926612536,11616558094,2310054442,0.16587339067763665,38.16130032191767,3726403658,3655833304,70570354,0.01893792526971591,1.1657978374251858,2310054442,2176725534,133328908,0.057716781724229164,2.2025474409928787,70570354,64442351,6128003,0.0868353728252518,0.1012324898516883,1024,8,256,Sets:  256,Sets:  512,/home/ssm-user/advcomparch/advcomparch-ex2-helpcode/outputs/replacment_policies/444.namd/444.namd.cslab_cache_stats_L2_MRU_1024_08_256.out,100.0,83.41,16.59,100.0,98.11,1.89,100.0,86.51,13.49,100.0,94.23,5.77,100.0,91.32,8.68,100.0,94.14,5.86
444.namd,MRU,1024,16,256,0.402477,0.4024768534850624,3.95085908473261,0.09807967392852894,40.28213926987173,0.1381314770676167,60533954482,150403567206,32,4,32,1,10,200,17653016074,15214578889,2438437185,2438437185,2199276061,239161124,239161124,3.95085908473261,13926612416,11567095885,2359516531,0.1694250159708042,38.978397350558204,3726403658,3647483004,78920654,0.021178772146857955,1.3037419193135211,2359516531,2130976476,228540055,0.09685884883507943,3.775402696811378,78920654,68299585,10621069,0.13457907989459894,0.17545638792123214,1024,16,256,Sets:  256,Sets:  256,/home/ssm-user/advcomparch/advcomparch-ex2-helpcode/outputs/replacment_policies/444.namd/444.namd.cslab_cache_stats_L2_MRU_1024_16_256.out,100.0,83.06,16.94,100.0,97.88,2.12,100.0,86.19,13.81,100.0,90.31,9.69,100.0,86.54,13.46,100.0,90.19,9.81
444.namd,MRU,2048,16,256,0.479184,0.4791844904556027,2.004547840545887,0.05083200183599628,39.43476094082099,0.13522573443839078,60533956110,126327035444,32,4,32,1,10,200,17653016254,15265874166,2387142088,2387142088,2265798877,121343211,121343211,2.004547840545887,13926612596,11612990960,2313621636,0.16612953222124655,38.22022852423151,3726403658,3652883206,73520452,0.01972959956771275,1.2145324165894829,2313621636,2197500265,116121371,0.05019030302671322,1.9182848513814075,73520452,68298612,5221840,0.0710256786778188,0.08626298916447937,2048,16,256,Sets:  256,Sets:  512,/home/ssm-user/advcomparch/advcomparch-ex2-helpcode/outputs/replacment_policies/444.namd/444.namd.cslab_cache_stats_L2_MRU_2048_16_256.out,100.0,83.39,16.61,100.0,98.03,1.97,100.0,86.48,13.52,100.0,94.98,5.02,100.0,92.9,7.1,100.0,94.92,5.08
444.namd,Random,512,16,256,0.311235,0.3112351255912072,7.519294214791805,0.18009233145756068,41.75243972874964,0.14317328901064677,60533958241,194495907639,32,4,32,1,10,200,17653016568,15125576125,2527440443,2527440443,2072267801,455172642,455172642,7.519294214791805,13926612910,11482372558,2444240352,0.1755086012511279,40.378003075049236,3726403658,3643203567,83200091,0.022327181549798705,1.3744366537004034,2444240352,2007885523,436354829,0.17852369904741675,7.208430469105758,83200091,64382278,18817813,0.22617538963989836,0.3108637456860468,512,16,256,Sets:  256,Sets:  128,/home/ssm-user/advcomparch/advcomparch-ex2-helpcode/outputs/replacment_policies/444.namd/444.namd.cslab_cache_stats_L2_Random_0512_16_256.out,100.0,82.45,17.55,100.0,97.77,2.23,100.0,85.68,14.32,100.0,82.15,17.85,100.0,77.38,22.62,100.0,81.99,18.01
444.namd,Random,1024,8,256,0.471271,0.4712709132391513,2.1883308987240366,0.05573464672189355,39.26338511919592,0.13463806987751498,60533957217,128448320311,32,4,32,1,10,200,17653016544,15276248469,2376768075,2376768075,2244299746,132468329,132468329,2.1883308987240366,13926612886,11626437668,2300175218,0.16516400914053525,37.998097658714315,3726403658,3649810801,76592857,0.02055409559175567,1.2652874604816042,2300175218,2174421575,125753643,0.05467133199936945,2.077406612444033,76592857,69878171,6714686,0.08766726119121003,0.11092428628000363,1024,8,256,Sets:  256,Sets:  512,/home/ssm-user/advcomparch/advcomparch-ex2-helpcode/outputs/replacment_policies/444.namd/444.namd.cslab_cache_stats_L2_Random_1024_08_256.out,100.0,83.48,16.52,100.0,97.94,2.06,100.0,86.54,13.46,100.0,94.53,5.47,100.0,91.23,8.77,100.0,94.43,5.57
444.namd,Random,1024,16,256,0.409192,0.4091915607907753,3.734082346371378,0.09210746095084071,40.54049810757807,0.13901741789473962,60533957217,147935497741,32,4,32,1,10,200,17653016544,15198939766,2454076778,2454076778,2228037997,226038781,226038781,3.734082346371378,13926612886,11551560747,2375052139,0.17054054409651664,39.23503845099696,3726403658,3647379019,79024639,0.021206677067940986,1.305459656581103,2375052139,2158487263,216564876,0.09118320917838174,3.577576718199107,79024639,69550734,9473905,0.11988545749636388,0.15650562817227162,1024,16,256,Sets:  256,Sets:  256,/home/ssm-user/advcomparch/advcomparch-ex2-helpcode/outputs/replacment_policies/444.namd/444.namd.cslab_cache_stats_L2_Random_1024_16_256.out,100.0,82.95,17.05,100.0,97.88,2.12,100.0,86.1,13.9,100.0,90.88,9.12,100.0,88.01,11.99,100.0,90.79,9.21
444.namd,Random,2048,16,256,0.484849,0.48484872476847113,1.8817477265978864,0.04769621160584298,39.45277126301923,0.13528749184513575,60533954892,124851220184,32,4,32,1,10,200,17653016132,15264783856,2388232276,2388232276,2274322644,113909632,113909632,1.8817477265978864,13926612474,11608694326,2317918148,0.1664380445946485,38.291206185610214,3726403658,3656089530,70314128,0.018869165676414758,1.1615650774090183,2317918148,2208530271,109387877,0.0471922949886667,1.8070498977831762,70314128,65792373,4521755,0.06430791547326023,0.07469782881471013,2048,16,256,Sets:  256,Sets:  512,/home/ssm-user/advcomparch/advcomparch-ex2-helpcode/outputs/replacment_policies/444.namd/444.namd.cslab_cache_stats_L2_Random_2048_16_256.out,100.0,83.36,16.64,100.0,98.11,1.89,100.0,86.47,13.53,100.0,95.28,4.72,100.0,93.57,6.43,100.0,95.23,4.77
444.namd,SRRIP,512,16,256,0.464632,0.4646319187049555,2.8577535584555376,0.09886065179875415,28.906885666432068,0.09912459717453115,60533954892,130283677154,32,4,32,1,10,200,17653016132,15903168019,1749848113,1749848113,1576856988,172991125,172991125,2.8577535584555376,13926612474,12193510214,1733102260,0.12444535691903393,28.630249966189503,3726403658,3709657805,16745853,0.004493837634591545,0.2766357002425607,1733102260,1563545636,169556624,0.09783417165470663,2.8010167897093425,16745853,13311352,3434501,0.20509561382152344,0.056736768746194946,512,16,256,Sets:  256,Sets:  128,/home/ssm-user/advcomparch/advcomparch-ex2-helpcode/outputs/replacment_policies/444.namd/444.namd.cslab_cache_stats_L2_SRRIP_0512_16_256.out,100.0,87.56,12.44,100.0,99.55,0.45,100.0,90.09,9.91,100.0,90.22,9.78,100.0,79.49,20.51,100.0,90.11,9.89
444.namd,SRRIP,1024,8,256,0.600739,0.600739017277825,0.4686417974805645,0.016781180389451728,27.92662891432489,0.09576320016229221,60533956110,100765814054,32,4,32,1,10,200,17653016254,15962506925,1690509329,1690509329,1662140587,28368742,28368742,0.4686417974805645,13926612596,12248282474,1678330122,0.12051244410159365,27.725432630740382,3726403658,3714224451,12179207,0.0032683541875162037,0.2011962835845126,1678330122,1651347335,26982787,0.016077163036224168,0.4457463006542627,12179207,10793252,1385955,0.11379681780595403,0.022895496826301844,1024,8,256,Sets:  256,Sets:  512,/home/ssm-user/advcomparch/advcomparch-ex2-helpcode/outputs/replacment_policies/444.namd/444.namd.cslab_cache_stats_L2_SRRIP_1024_08_256.out,100.0,87.95,12.05,100.0,99.67,0.33,100.0,90.42,9.58,100.0,98.39,1.61,100.0,88.62,11.38,100.0,98.32,1.68
444.namd,SRRIP,1024,16,256,0.567023,0.5670228818146547,0.9409721862555516,0.03315838080032726,28.378110255801896,0.09731137434399266,60533956085,106757519011,32,4,32,1,10,200,17653016326,15935177046,1717839280,1717839280,1660878511,56960769,56960769,0.9409721862555516,13926612668,12225499416,1701113252,0.12214838543680821,28.101802063148604,3726403658,3709677630,16726028,0.004488517491681788,0.27630819265329043,1701113252,1646813710,54299542,0.03192000411269502,0.8970096374298449,16726028,14064801,2661227,0.15910693202235462,0.04396254882570674,1024,16,256,Sets:  256,Sets:  256,/home/ssm-user/advcomparch/advcomparch-ex2-helpcode/outputs/replacment_policies/444.namd/444.namd.cslab_cache_stats_L2_SRRIP_1024_16_256.out,100.0,87.79,12.21,100.0,99.55,0.45,100.0,90.27,9.73,100.0,96.81,3.19,100.0,84.09,15.91,100.0,96.68,3.32
444.namd,SRRIP,2048,16,256,0.605571,0.6055712896698949,0.3796903669564721,0.013380052631069603,28.377344800184062,0.09730874952344391,60533956087,99961733853,32,4,32,1,10,200,17653016326,15935223382,1717792944,1717792944,1694808784,22984160,22984160,0.3796903669564721,13926612668,12219644696,1706967972,0.1225687834287372,28.198520009938367,3726403658,3715578686,10824972,0.002904938110169706,0.1788247902456969,1706967972,1685158795,21809177,0.012776558996855038,0.3602800545309749,10824972,9649989,1174983,0.10854374496303547,0.019410312425497234,2048,16,256,Sets:  256,Sets:  512,/home/ssm-user/advcomparch/advcomparch-ex2-helpcode/outputs/replacment_policies/444.namd/444.namd.cslab_cache_stats_L2_SRRIP_2048_16_256.out,100.0,87.74,12.26,100.0,99.71,0.29,100.0,90.27,9.73,100.0,98.72,1.28,100.0,89.15,10.85,100.0,98.66,1.34
450.soplex,LFU,512,16,256,0.224407,0.22440685781988784,12.599360462549624,0.21664647026996897,58.15631543338428,0.16393302585323952,7440053428,33154305088,32,4,32,1,10,200,2639407720,2206721626,432686094,432686094,338946179,93739915,93739915,12.599360462549624,2176916383,1772678063,404238320,0.185693085484028,54.33271735370661,462491337,434043563,28447774,0.0615098526699539,3.8235980796776614,404238320,316243765,87994555,0.2176798948699371,11.827140201552865,28447774,22702414,5745360,0.20196167193960413,0.7722202609967601,512,16,256,Sets:  256,Sets:  128,/home/ssm-user/advcomparch/advcomparch-ex2-helpcode/outputs/replacment_policies/450.soplex/450.soplex.cslab_cache_stats_L2_LFU_0512_16_256.out,100.0,81.43,18.57,100.0,93.85,6.15,100.0,83.61,16.39,100.0,78.23,21.77,100.0,79.8,20.2,100.0,78.34,21.66
450.soplex,LFU,1024,8,256,0.26773,0.2677296730163224,9.038780492254503,0.15786352956245012,57.256926392734684,0.16138464604330385,7440804106,27792227967,32,4,32,1,10,200,2639889131,2213851558,426037573,426037573,358781778,67255795,67255795,9.038780492254503,2177117199,1778256963,398860236,0.1832056795946519,53.60445327116908,462771932,435594595,27177337,0.0587272803744718,3.6524731215656066,398860236,335454532,63405704,0.1589672227943023,8.521351065924701,27177337,23327246,3850091,0.1416654987204964,0.5174294263297999,1024,8,256,Sets:  256,Sets:  512,/home/ssm-user/advcomparch/advcomparch-ex2-helpcode/outputs/replacment_policies/450.soplex/450.soplex.cslab_cache_stats_L2_LFU_1024_08_256.out,100.0,81.68,18.32,100.0,94.13,5.87,100.0,83.86,16.14,100.0,84.1,15.9,100.0,85.83,14.17,100.0,84.21,15.79
450.soplex,LFU,1024,16,256,0.246891,0.24689054147336248,10.58217478743546,0.1826509806785575,57.93658894204757,0.16339631608890054,7447472243,30165077198,32,4,32,1,10,200,2640702975,2209221837,431481138,431481138,352670685,78810453,78810453,10.58217478743546,2178270048,1774582106,403687942,0.1853250208212935,54.204692388002236,462432927,434639731,27793196,0.06010211292761166,3.7318965540453375,403687942,329550202,74137740,0.18365111336419357,9.954752106620237,27793196,23120483,4672713,0.1681243495710245,0.62742268081522,1024,16,256,Sets:  256,Sets:  256,/home/ssm-user/advcomparch/advcomparch-ex2-helpcode/outputs/replacment_policies/450.soplex/450.soplex.cslab_cache_stats_L2_LFU_1024_16_256.out,100.0,81.47,18.53,100.0,93.99,6.01,100.0,83.66,16.34,100.0,81.63,18.37,100.0,83.19,16.81,100.0,81.73,18.27
450.soplex,LFU,2048,16,256,0.270113,0.27011267255479227,8.870259117958533,0.1547351009688957,57.32544886335518,0.1615472779186959,7435136688,27526056507,32,4,32,1,10,200,2638376539,2212153991,426222548,426222548,360270959,65951589,65951589,8.870259117958533,2175943612,1776838789,399104823,0.18341689591540758,53.67820925796005,462432927,435315202,27117725,0.058641423256609926,3.6472396053951335,399104823,336884482,62220341,0.15589974716993085,8.36841925185061,27117725,23386477,3731248,0.13759443316133635,0.5018398661079194,2048,16,256,Sets:  256,Sets:  512,/home/ssm-user/advcomparch/advcomparch-ex2-helpcode/outputs/replacment_policies/450.soplex/450.soplex.cslab_cache_stats_L2_LFU_2048_16_256.out,100.0,81.66,18.34,100.0,94.14,5.86,100.0,83.85,16.15,100.0,84.41,15.59,100.0,86.24,13.76,100.0,84.53,15.47
450.soplex,LIP,512,16,256,0.220912,0.22091204458473354,12.897797978429391,0.21776777684610424,59.227302428422284,0.16690525541860748,7435757496,33659357551,32,4,32,1,10,200,2638621875,2198222017,440399858,440399858,344494960,95904898,95904898,12.897797978429391,2176179198,1765163067,411016131,0.18887053574344478,55.27562339426783,462442677,433058950,29383727,0.06354025798531567,3.9516790341544517,411016131,321266548,89749583,0.21836024484401562,12.069998658277921,29383727,23228412,6155315,0.20948040389838907,0.8277993201514704,512,16,256,Sets:  256,Sets:  128,/home/ssm-user/advcomparch/advcomparch-ex2-helpcode/outputs/replacment_policies/450.soplex/450.soplex.cslab_cache_stats_L2_LIP_0512_16_256.out,100.0,81.11,18.89,100.0,93.65,6.35,100.0,83.31,16.69,100.0,78.16,21.84,100.0,79.05,20.95,100.0,78.22,21.78
450.soplex,LIP,1024,8,256,0.266151,0.2661511224825196,9.153506126765743,0.16012145674437175,57.166018301838164,0.16107528783892694,7433576933,27929910134,32,4,32,1,10,200,2638194851,2213246856,424947995,424947995,356904703,68043292,68043292,9.153506126765743,2175761924,1777900498,397861426,0.18286073563993485,53.52220466485889,462432927,435346358,27086569,0.05857404916151224,3.6438136369792784,397861426,333736031,64125395,0.1611752002316505,8.62645205369801,27086569,23168672,3917897,0.14464353163370378,0.5270540730677336,1024,8,256,Sets:  256,Sets:  512,/home/ssm-user/advcomparch/advcomparch-ex2-helpcode/outputs/replacment_policies/450.soplex/450.soplex.cslab_cache_stats_L2_LIP_1024_08_256.out,100.0,81.71,18.29,100.0,94.14,5.86,100.0,83.89,16.11,100.0,83.88,16.12,100.0,85.54,14.46,100.0,83.99,16.01
450.soplex,LIP,1024,16,256,0.24818,0.24818040017915804,10.498154243142794,0.18246455159146527,57.53530837402307,0.16237173894211432,7457136863,30047243286,32,4,32,1,10,200,2642385133,2213336464,429048669,429048669,350762496,78286173,78286173,10.498154243142794,2179952206,1778534320,401417886,0.18414068202741138,53.83002798188016,462432927,434802144,27630783,0.059750898750339204,3.7052803921429116,401417886,327735418,73682468,0.1835555180020055,9.880798670276464,27630783,23027078,4603705,0.16661507565674125,0.617355572866331,1024,16,256,Sets:  256,Sets:  256,/home/ssm-user/advcomparch/advcomparch-ex2-helpcode/outputs/replacment_policies/450.soplex/450.soplex.cslab_cache_stats_L2_LIP_1024_16_256.out,100.0,81.59,18.41,100.0,94.02,5.98,100.0,83.76,16.24,100.0,81.64,18.36,100.0,83.34,16.66,100.0,81.75,18.25
450.soplex,LIP,2048,16,256,0.272003,0.27200348663565094,8.71898109283883,0.15084561444959155,57.80069327605459,0.16299318325684772,7448518618,27383908604,32,4,32,1,10,200,2641395986,2210866446,430529540,430529540,365586047,64943493,64943493,8.71898109283883,2178624054,1775287638,403336416,0.18513355494238015,54.149883578904145,462771932,435578808,27193124,0.058761394370823686,3.6508096971504407,403336416,341935417,61400999,0.15223271830729015,8.243383973239872,27193124,23650630,3542494,0.13027168191488406,0.47559711959895645,2048,16,256,Sets:  256,Sets:  512,/home/ssm-user/advcomparch/advcomparch-ex2-helpcode/outputs/replacment_policies/450.soplex/450.soplex.cslab_cache_stats_L2_LIP_2048_16_256.out,100.0,81.49,18.51,100.0,94.12,5.88,100.0,83.7,16.3,100.0,84.78,15.22,100.0,86.97,13.03,100.0,84.92,15.08
450.soplex,LRU,512,16,256,0.30232,0.30232007704944897,7.164838722134501,0.1378035642965768,51.99313064729259,0.14651999650202746,7435076080,24593391721,32,4,32,1,10,200,2638362621,2251789739,386572882,386572882,333301761,53271121,53271121,7.164838722134501,2175871284,1814329708,361541576,0.16615945008261804,48.626479690306006,462491337,437460031,25031306,0.054122756465814624,3.366650956986576,361541576,311658599,49882977,0.13797300313809552,6.709141434905129,25031306,21643162,3388144,0.13535626147513038,0.4556972872293729,512,16,256,Sets:  256,Sets:  128,/home/ssm-user/advcomparch/advcomparch-ex2-helpcode/outputs/replacment_policies/450.soplex/450.soplex.cslab_cache_stats_L2_LRU_0512_16_256.out,100.0,83.38,16.62,100.0,94.59,5.41,100.0,85.35,14.65,100.0,86.2,13.8,100.0,86.46,13.54,100.0,86.22,13.78
450.soplex,LRU,1024,8,256,0.320561,0.3205609479790032,6.225072325171159,0.11977790588091058,51.97179128645352,0.1464822672183033,7440051871,23209476756,32,4,32,1,10,200,2639724455,2253051632,386672823,386672823,340357962,46314861,46314861,6.225072325171159,2176952523,1815309530,361642993,0.16612350943769297,48.607590278989875,462771932,437742102,25029830,0.05408675044708632,3.364201007463648,361642993,318508836,43134157,0.11927275748434037,5.797561327244139,25029830,21849126,3180704,0.1270765322816815,0.4275109979270197,1024,8,256,Sets:  256,Sets:  512,/home/ssm-user/advcomparch/advcomparch-ex2-helpcode/outputs/replacment_policies/450.soplex/450.soplex.cslab_cache_stats_L2_LRU_1024_08_256.out,100.0,83.39,16.61,100.0,94.59,5.41,100.0,85.35,14.65,100.0,88.07,11.93,100.0,87.29,12.71,100.0,88.02,11.98
450.soplex,LRU,1024,16,256,0.320602,0.3206020642398864,6.222440448316838,0.11970572764111849,51.981142180363406,0.14649508143056564,7438943351,23203042590,32,4,32,1,10,200,2639575119,2252890347,386684772,386684772,340396390,46288382,46288382,6.222440448316838,2176803187,1815146683,361656504,0.1661411128759065,48.616649829895984,462771932,437743664,25028268,0.054083375134341555,3.364492350467423,361656504,318566344,43090160,0.11914664750505911,5.792510840159508,25028268,21830046,3198222,0.1277843916326931,0.4299296081573293,1024,16,256,Sets:  256,Sets:  256,/home/ssm-user/advcomparch/advcomparch-ex2-helpcode/outputs/replacment_policies/450.soplex/450.soplex.cslab_cache_stats_L2_LRU_1024_16_256.out,100.0,83.39,16.61,100.0,94.59,5.41,100.0,85.35,14.65,100.0,88.09,11.91,100.0,87.22,12.78,100.0,88.03,11.97
450.soplex,LRU,2048,16,256,0.334472,0.33447237255773854,5.58542661547222,0.10775753761530726,51.83327996424813,0.146270699229014,7456514044,22293363087,32,4,32,1,10,200,2642330843,2255835263,386495580,386495580,344847768,41647812,41647812,5.58542661547222,2179897916,1818425829,361472087,0.16582064891519444,48.47735615691143,462432927,437409434,25023493,0.054112697299342614,3.355923807336693,361472087,322617468,38854619,0.1074899567556374,5.210828916934044,25023493,22230300,2793193,0.11162282579814096,0.37459769853817765,2048,16,256,Sets:  256,Sets:  512,/home/ssm-user/advcomparch/advcomparch-ex2-helpcode/outputs/replacment_policies/450.soplex/450.soplex.cslab_cache_stats_L2_LRU_2048_16_256.out,100.0,83.42,16.58,100.0,94.59,5.41,100.0,85.37,14.63,100.0,89.25,10.75,100.0,88.84,11.16,100.0,89.22,10.78
450.soplex,MRU,512,16,256,0.186216,0.18621596337895763,16.83378835211665,0.25944151855284253,64.88471253951582,0.18302951643961118,7450228337,40008537409,32,4,32,1,10,200,2641136432,2157730508,483405924,483405924,357990357,125415567,125415567,16.83378835211665,2178632300,1730662908,447969392,0.20561954947606348,60.128276844248354,462504132,427067600,35436532,0.07661884413175361,4.75643569526747,447969392,331356408,116612984,0.2603146243527281,15.652269799687348,35436532,26633949,8802583,0.24840418921354945,1.1815185524293013,512,16,256,Sets:  256,Sets:  128,/home/ssm-user/advcomparch/advcomparch-ex2-helpcode/outputs/replacment_policies/450.soplex/450.soplex.cslab_cache_stats_L2_MRU_0512_16_256.out,100.0,79.44,20.56,100.0,92.34,7.66,100.0,81.7,18.3,100.0,73.97,26.03,100.0,75.16,24.84,100.0,74.06,25.94
450.soplex,MRU,1024,8,256,0.240145,0.2401452020323765,10.61851336092995,0.1548512700454708,68.57233626699936,0.19331328200285575,7440329669,30982628868,32,4,32,1,10,200,2639243319,2129042531,510200788,510200788,431195548,79005240,79005240,10.61851336092995,2176751982,1697154527,479597455,0.2203271015558446,64.45916731327567,462491337,431888004,30603333,0.0661706080777898,4.113168953723682,479597455,405348140,74249315,0.15481590701935646,9.979304453317228,30603333,25847408,4755925,0.15540545861458946,0.63920890761272,1024,8,256,Sets:  256,Sets:  512,/home/ssm-user/advcomparch/advcomparch-ex2-helpcode/outputs/replacment_policies/450.soplex/450.soplex.cslab_cache_stats_L2_MRU_1024_08_256.out,100.0,77.97,22.03,100.0,93.38,6.62,100.0,80.67,19.33,100.0,84.52,15.48,100.0,84.46,15.54,100.0,84.51,15.49
450.soplex,MRU,1024,16,256,0.218071,0.21807059699235384,13.050810486537424,0.21028199181661275,62.06337677226805,0.1748879556378471,7434420958,34091808160,32,4,32,1,10,200,2638290712,2176885443,461405269,461405269,364380050,97025219,97025219,13.050810486537424,2175848035,1745135655,430712380,0.19795149894280187,57.93489263431079,462442677,431749788,30692889,0.06637122940104423,4.128484137957257,430712380,339986221,90726159,0.21064209716934534,12.203527283772084,30692889,24393829,6299060,0.20522864432865867,0.847283202765339,1024,16,256,Sets:  256,Sets:  256,/home/ssm-user/advcomparch/advcomparch-ex2-helpcode/outputs/replacment_policies/450.soplex/450.soplex.cslab_cache_stats_L2_MRU_1024_16_256.out,100.0,80.2,19.8,100.0,93.36,6.64,100.0,82.51,17.49,100.0,78.94,21.06,100.0,79.48,20.52,100.0,78.97,21.03
450.soplex,MRU,2048,16,256,0.247401,0.24740140180066056,10.405564708898398,0.17157678009294608,60.64669533524014,0.17110838341959403,7455949405,30137053997,32,4,32,1,10,200,2642644872,2190466180,452178692,452178692,374595328,77583364,77583364,10.405564708898398,2179872940,1757758381,422114559,0.19364181794926083,56.61446129408117,462771932,432707799,30064133,0.06496533372296226,4.032234041158975,422114559,349332238,72782321,0.17242314781187162,9.761643627998842,30064133,25263090,4801043,0.1596933794831203,0.6439210808995558,2048,16,256,Sets:  256,Sets:  512,/home/ssm-user/advcomparch/advcomparch-ex2-helpcode/outputs/replacment_policies/450.soplex/450.soplex.cslab_cache_stats_L2_MRU_2048_16_256.out,100.0,80.64,19.36,100.0,93.5,6.5,100.0,82.89,17.11,100.0,82.76,17.24,100.0,84.03,15.97,100.0,82.84,17.16
450.soplex,Random,512,16,256,0.181327,0.18132687668026393,17.53808879067215,0.2685915306904594,65.29650709978665,0.18428712468662634,7457636551,41128136587,32,4,32,1,10,200,2642385456,2155427838,486957618,486957618,356164926,130792692,130792692,17.53808879067215,2179613524,1725235742,454377782,0.2084671328181757,60.92785279795811,462771932,430192096,32579836,0.07040149530935684,4.368654301828553,454377782,332139204,122238578,0.2690241091057573,16.3910613186974,32579836,24025722,8554114,0.26255853467156803,1.1470274719747466,512,16,256,Sets:  256,Sets:  128,/home/ssm-user/advcomparch/advcomparch-ex2-helpcode/outputs/replacment_policies/450.soplex/450.soplex.cslab_cache_stats_L2_Random_0512_16_256.out,100.0,79.15,20.85,100.0,92.96,7.04,100.0,81.57,18.43,100.0,73.1,26.9,100.0,73.74,26.26,100.0,73.14,26.86
450.soplex,Random,1024,8,256,0.245889,0.2458891002991064,10.512535605222114,0.1724398740964081,60.96348457865806,0.1718578282002722,7441260980,30262671143,32,4,32,1,10,200,2639653973,2186008774,453645199,453645199,375418678,78226521,78226521,10.512535605222114,2177211296,1753604812,423606484,0.1945637912031116,56.926707064640546,462442677,432403962,30038715,0.0649566238022621,4.0367775140175235,423606484,350064154,73542330,0.17361001962377895,9.883046730609358,30038715,25354524,4684191,0.15593846141554324,0.6294888746127542,1024,8,256,Sets:  256,Sets:  512,/home/ssm-user/advcomparch/advcomparch-ex2-helpcode/outputs/replacment_policies/450.soplex/450.soplex.cslab_cache_stats_L2_Random_1024_08_256.out,100.0,80.54,19.46,100.0,93.5,6.5,100.0,82.81,17.19,100.0,82.64,17.36,100.0,84.41,15.59,100.0,82.76,17.24
450.soplex,Random,1024,16,256,0.218341,0.2183406552243165,13.000841020658811,0.2080141331213944,62.49979665118084,0.1761386699110695,7435806641,34055987573,32,4,32,1,10,200,2638468902,2173732499,464736403,464736403,368064663,96671740,96671740,13.000841020658811,2176026225,1745467223,430559002,0.1978648037663241,57.9034693594583,462442677,428265276,34177401,0.07390624330288617,4.596327291722539,430559002,340384431,90174571,0.20943603682916379,12.127073141303864,34177401,27680232,6497169,0.19010131870471952,0.8737678793549467,1024,16,256,Sets:  256,Sets:  256,/home/ssm-user/advcomparch/advcomparch-ex2-helpcode/outputs/replacment_policies/450.soplex/450.soplex.cslab_cache_stats_L2_Random_1024_16_256.out,100.0,80.21,19.79,100.0,92.61,7.39,100.0,82.39,17.61,100.0,79.06,20.94,100.0,80.99,19.01,100.0,79.2,20.8
450.soplex,Random,2048,16,256,0.24832,0.24832012435389728,10.339997146290118,0.17110570262093552,60.43046484077249,0.1703438574590638,7439515883,29959375634,32,4,32,1,10,200,2639211121,2189637718,449573403,449573403,372648830,76924573,76924573,10.339997146290118,2176778194,1756940318,419837876,0.19287122461867146,56.43349414165099,462432927,432697400,29735527,0.0643023566529033,3.9969706991214986,419837876,347505015,72332861,0.17228760227435982,9.722791393629182,29735527,25143815,4591712,0.15441838310113018,0.6172057526609357,2048,16,256,Sets:  256,Sets:  512,/home/ssm-user/advcomparch/advcomparch-ex2-helpcode/outputs/replacment_policies/450.soplex/450.soplex.cslab_cache_stats_L2_Random_2048_16_256.out,100.0,80.71,19.29,100.0,93.57,6.43,100.0,82.97,17.03,100.0,82.77,17.23,100.0,84.56,15.44,100.0,82.89,17.11
450.soplex,SRRIP,512,16,256,0.225857,0.22585679733342365,12.473249584373336,0.21575343169044878,57.81251999861246,0.16293977130172682,7437390984,32929675227,32,4,32,1,10,200,2638854293,2208879978,429974315,429974315,337205881,92768434,92768434,12.473249584373336,2176411616,1775366995,401044621,0.1842687376099724,53.92275622765619,462442677,433512983,28929694,0.06255844332464151,3.8897637709562694,401044621,314227083,86817538,0.21647850003204505,11.673117385756628,28929694,22978798,5950896,0.20570200293165908,0.8001321986167078,512,16,256,Sets:  256,Sets:  128,/home/ssm-user/advcomparch/advcomparch-ex2-helpcode/outputs/replacment_policies/450.soplex/450.soplex.cslab_cache_stats_L2_SRRIP_0512_16_256.out,100.0,81.57,18.43,100.0,93.74,6.26,100.0,83.71,16.29,100.0,78.35,21.65,100.0,79.43,20.57,100.0,78.42,21.58
450.soplex,SRRIP,1024,8,256,0.265623,0.2656225361238804,9.18524715227469,0.16032827011468126,57.29025296477391,0.1614770421234538,7438615191,28004458129,32,4,32,1,10,200,2639137678,2212977532,426160146,426160146,357834627,68325519,68325519,9.18524715227469,2176365746,1777377722,398988024,0.183327652869611,53.63740612402382,462771932,435599810,27172122,0.0587160113245589,3.6528468407500934,398988024,334604697,64383327,0.161366565228033,8.655283993974786,27172122,23229930,3942192,0.1450822280276822,0.5299631582999035,1024,8,256,Sets:  256,Sets:  512,/home/ssm-user/advcomparch/advcomparch-ex2-helpcode/outputs/replacment_policies/450.soplex/450.soplex.cslab_cache_stats_L2_SRRIP_1024_08_256.out,100.0,81.67,18.33,100.0,94.13,5.87,100.0,83.85,16.15,100.0,83.86,16.14,100.0,85.49,14.51,100.0,83.97,16.03
450.soplex,SRRIP,1024,16,256,0.250288,0.2502878772947139,10.303969039031573,0.1776888426296935,57.988835351385646,0.16347910881947464,7442198216,29734553253,32,4,32,1,10,200,2639874967,2208310560,431564407,431564407,354880227,76684180,76684180,10.303969039031573,2177103035,1773345340,403757695,0.18545640169942623,54.25247800199145,462771932,434965220,27806712,0.0600872915516406,3.7363573493941993,403757695,331530376,72227319,0.17888778317896828,9.705105521741991,27806712,23349851,4456861,0.16028004317806435,0.5988635172895803,1024,16,256,Sets:  256,Sets:  256,/home/ssm-user/advcomparch/advcomparch-ex2-helpcode/outputs/replacment_policies/450.soplex/450.soplex.cslab_cache_stats_L2_SRRIP_1024_16_256.out,100.0,81.45,18.55,100.0,93.99,6.01,100.0,83.65,16.35,100.0,82.11,17.89,100.0,83.97,16.03,100.0,82.23,17.77
450.soplex,SRRIP,2048,16,256,0.271451,0.27145063796695146,8.773733689552646,0.1526479555571246,57.4769158062474,0.16218313930861433,7457802267,27473880050,32,4,32,1,10,200,2643008853,2214357380,428651473,428651473,363218702,65432771,65432771,8.773733689552646,2180236921,1778745451,401491470,0.18415038573690864,53.835091844223065,462771932,435611929,27160003,0.058689823478749785,3.641823962024334,401491470,339727403,61764067,0.15383656096105852,8.281805388338007,27160003,23491299,3668704,0.13507745194284404,0.49192830121463993,2048,16,256,Sets:  256,Sets:  512,/home/ssm-user/advcomparch/advcomparch-ex2-helpcode/outputs/replacment_policies/450.soplex/450.soplex.cslab_cache_stats_L2_SRRIP_2048_16_256.out,100.0,81.58,18.42,100.0,94.13,5.87,100.0,83.78,16.22,100.0,84.62,15.38,100.0,86.49,13.51,100.0,84.74,15.26
459.GemsFDTD,LFU,512,16,256,0.0992479,0.09924785564154198,38.05412495323684,0.3600290221588124,105.69738163066974,0.25907132987956305,108732414793,1095564373559,32,4,32,1,10,200,44361263546,32868532004,11492731542,11492731542,7355014643,4137716899,4137716899,38.05412495323684,34765378125,23598149018,11167229107,0.32121696093302593,102.7037717157269,9595885421,9270382986,325502435,0.03392104227168637,2.9936099149428186,11167229107,7147720414,4019508693,0.3599378730826284,36.96697714892256,325502435,207294229,118208206,0.3631561343005007,1.0871478043142848,512,16,256,Sets:  256,Sets:  128,/home/ssm-user/advcomparch/advcomparch-ex2-helpcode/outputs/replacment_policies/459.GemsFDTD/459.GemsFDTD.cslab_cache_stats_L2_LFU_0512_16_256.out,100.0,67.88,32.12,100.0,96.61,3.39,100.0,74.09,25.91,100.0,64.01,35.99,100.0,63.68,36.32,100.0,64.0,36.0
459.GemsFDTD,LFU,1024,8,256,0.118497,0.11849674541880259,26.101361368668044,0.14414330939715778,181.07924313539255,0.44383729860587684,108732414793,917598322289,32,4,32,1,10,200,44361263546,24672080171,19689183375,19689183375,16851119324,2838064051,2838064051,26.101361368668044,34765378125,15783896300,18981481825,0.545988073443398,174.57059020657377,9595885421,8888183871,707701550,0.07375052107763178,6.508652928818799,18981481825,16169750292,2811731533,0.14813024393578925,25.85918411131447,707701550,681369032,26332518,0.037208506891075764,0.24217725735357476,1024,8,256,Sets:  256,Sets:  512,/home/ssm-user/advcomparch/advcomparch-ex2-helpcode/outputs/replacment_policies/459.GemsFDTD/459.GemsFDTD.cslab_cache_stats_L2_LFU_1024_08_256.out,100.0,45.4,54.6,100.0,92.62,7.38,100.0,55.62,44.38,100.0,85.19,14.81,100.0,96.28,3.72,100.0,85.59,14.41
459.GemsFDTD,LFU,1024,16,256,0.108018,0.10801758042487473,31.81868394430963,0.21411874162512962,148.60298403965257,0.3642358222342231,108732414705,1006617758677,32,4,32,1,10,200,44361263502,28203302215,16157961287,16157961287,12698238949,3459722338,3459722338,31.81868394430963,34765378129,19153251802,15612126327,0.44907109219608743,143.5830002429081,9595885373,9050050413,545834960,0.0568821884362874,5.0199837967444685,15612126327,12222720828,3389405499,0.21710082457751304,31.171987748048604,545834960,475518121,70316839,0.12882435928984834,0.6466961962610265,1024,16,256,Sets:  256,Sets:  256,/home/ssm-user/advcomparch/advcomparch-ex2-helpcode/outputs/replacment_policies/459.GemsFDTD/459.GemsFDTD.cslab_cache_stats_L2_LFU_1024_16_256.out,100.0,55.09,44.91,100.0,94.31,5.69,100.0,63.58,36.42,100.0,78.29,21.71,100.0,87.12,12.88,100.0,78.59,21.41
459.GemsFDTD,LFU,2048,16,256,0.118692,0.11869178979988905,26.102911681860085,0.14528943250217058,179.661460798053,0.44036221964505756,108732414705,916090446427,32,4,32,1,10,200,44361263502,24826239040,19535024462,19535024462,16696791844,2838232618,2838232618,26.102911681860085,34765378129,15929121932,18836256197,0.541810767226705,173.2349662987281,9595885373,8897117108,698768265,0.07281957191424238,6.426494499324933,18836256197,16026576049,2809680148,0.14916340692199176,25.840317771134707,698768265,670215795,28552470,0.04086114299996151,0.26259391072538213,2048,16,256,Sets:  256,Sets:  512,/home/ssm-user/advcomparch/advcomparch-ex2-helpcode/outputs/replacment_policies/459.GemsFDTD/459.GemsFDTD.cslab_cache_stats_L2_LFU_2048_16_256.out,100.0,45.82,54.18,100.0,92.72,7.28,100.0,55.96,44.04,100.0,85.08,14.92,100.0,95.91,4.09,100.0,85.47,14.53
459.GemsFDTD,LIP,512,16,256,0.1015,0.10150015961279928,36.70685755721464,0.3328381348623214,110.28441068628882,0.2703144438285463,108732414993,1071253635539,32,4,32,1,10,200,44361263646,32369773336,11991490310,11991490310,8000265041,3991225269,3991225269,36.70685755721464,34765378129,23097919735,11667458394,0.3356056807639735,107.30432497752516,9595885517,9271853601,324031916,0.03376779719036325,2.9800857087636707,11667458394,7775713399,3891744995,0.33355550657042266,35.79194847507566,324031916,224551642,99480274,0.3070076405683445,0.9149090821389773,512,16,256,Sets:  256,Sets:  128,/home/ssm-user/advcomparch/advcomparch-ex2-helpcode/outputs/replacment_policies/459.GemsFDTD/459.GemsFDTD.cslab_cache_stats_L2_LIP_0512_16_256.out,100.0,66.44,33.56,100.0,96.62,3.38,100.0,72.97,27.03,100.0,66.64,33.36,100.0,69.3,30.7,100.0,66.72,33.28
459.GemsFDTD,LIP,1024,8,256,0.118711,0.11871102018134319,26.175867586665895,0.14700104512881765,178.0658604415218,0.436451296702206,108732414793,915942046719,32,4,32,1,10,200,44361263546,24999732548,19361530998,19361530998,16515365706,2846165292,2846165292,26.175867586665895,34765378125,16115430484,18649947641,0.5364517415557378,171.5215069628036,9595885421,8884302064,711583357,0.07415504935508546,6.544353478718201,18649947641,15830696583,2819251058,0.15116670096178528,25.928340351560905,711583357,684669123,26914234,0.03782302345219128,0.24752723510498814,1024,8,256,Sets:  256,Sets:  512,/home/ssm-user/advcomparch/advcomparch-ex2-helpcode/outputs/replacment_policies/459.GemsFDTD/459.GemsFDTD.cslab_cache_stats_L2_LIP_1024_08_256.out,100.0,46.35,53.65,100.0,92.58,7.42,100.0,56.35,43.65,100.0,84.88,15.12,100.0,96.22,3.78,100.0,85.3,14.7
459.GemsFDTD,LIP,1024,16,256,0.110034,0.11003448657855804,30.63115542260925,0.1971315816503076,155.3843131890757,0.3808573120664285,108732414793,988166693679,32,4,32,1,10,200,44361263546,27465951952,16895311594,16895311594,13564712097,3330599497,3330599497,30.63115542260925,34765378125,18464737417,16300640708,0.4688756914822137,149.9151907831022,9595885421,9001214535,594670886,0.06197144504233029,5.4691224059734935,16300640708,13036022300,3264618408,0.2002754656384639,30.02433464036495,594670886,528689797,65981089,0.11095395882555448,0.6068207822443004,1024,16,256,Sets:  256,Sets:  256,/home/ssm-user/advcomparch/advcomparch-ex2-helpcode/outputs/replacment_policies/459.GemsFDTD/459.GemsFDTD.cslab_cache_stats_L2_LIP_1024_16_256.out,100.0,53.11,46.89,100.0,93.8,6.2,100.0,61.91,38.09,100.0,79.97,20.03,100.0,88.9,11.1,100.0,80.29,19.71
459.GemsFDTD,LIP,2048,16,256,0.118725,0.11872531044257953,26.006333294292332,0.1434000233821138,181.35515379236742,0.4445135740228043,108732414793,915831800209,32,4,32,1,10,200,44361263546,24642079739,19719183807,19719183807,16891452388,2827731419,2827731419,26.006333294292332,34765378125,15750943777,19014434348,0.5469359280268148,174.87365091816315,9595885421,8891135962,704749459,0.07344287974278012,6.481502874204266,19014434348,16212964705,2801469643,0.14733384079314815,25.764806643293216,704749459,678487683,26261776,0.03726398887522949,0.24152665099911574,2048,16,256,Sets:  256,Sets:  512,/home/ssm-user/advcomparch/advcomparch-ex2-helpcode/outputs/replacment_policies/459.GemsFDTD/459.GemsFDTD.cslab_cache_stats_L2_LIP_2048_16_256.out,100.0,45.31,54.69,100.0,92.66,7.34,100.0,55.55,44.45,100.0,85.27,14.73,100.0,96.27,3.73,100.0,85.66,14.34
459.GemsFDTD,LRU,512,16,256,0.233147,0.23314673751735732,11.472557710415131,0.1955614769903681,58.664711920641636,0.14379112039959133,108732414993,466369017859,32,4,32,1,10,200,44361263646,37982507844,6378755802,6378755802,5131316896,1247438906,1247438906,11.472557710415131,34765378129,28462441207,6302936922,0.18129924830998234,57.96741406328344,9595885517,9520066637,75818880,0.007901186385110559,0.6972978573581861,6302936922,5064898490,1238038432,0.19642246897294904,11.386102590287383,75818880,66418406,9400474,0.12398592540538715,0.08645512012774834,512,16,256,Sets:  256,Sets:  128,/home/ssm-user/advcomparch/advcomparch-ex2-helpcode/outputs/replacment_policies/459.GemsFDTD/459.GemsFDTD.cslab_cache_stats_L2_LRU_0512_16_256.out,100.0,81.87,18.13,100.0,99.21,0.79,100.0,85.62,14.38,100.0,80.36,19.64,100.0,87.6,12.4,100.0,80.44,19.56
459.GemsFDTD,LRU,1024,8,256,,,,,,,,,,,,,,,,,,,,,,,,,,,,,,,,,,,,,,,,,,,,,,,,/home/ssm-user/advcomparch/advcomparch-ex2-helpcode/outputs/replacment_policies/459.GemsFDTD/459.GemsFDTD.cslab_cache_stats_L2_LRU_1024_08_256.out,,,,,,,,,,,,,,,,,,
459.GemsFDTD,LRU,1024,16,256,0.273183,0.27318347870695464,8.332490377637852,0.14217816918214934,58.60597604800222,0.14364715491911612,108732414793,398019731309,32,4,32,1,10,200,44361263546,37988894249,6372369297,6372369297,5466357497,906011800,906011800,8.332490377637852,34765378125,28468818627,6296559498,0.18111580651763728,57.908761706314664,9595885421,9520075622,75809799,0.007900240121051774,0.697214341687558,6296559498,5397316272,899243226,0.14281501291072213,8.270240550731259,75809799,69041225,6768574,0.08928362941576985,0.06224982690659187,1024,16,256,Sets:  256,Sets:  256,/home/ssm-user/advcomparch/advcomparch-ex2-helpcode/outputs/replacment_policies/459.GemsFDTD/459.GemsFDTD.cslab_cache_stats_L2_LRU_1024_16_256.out,100.0,81.89,18.11,100.0,99.21,0.79,100.0,85.64,14.36,100.0,85.72,14.28,100.0,91.07,8.93,100.0,85.78,14.22
459.GemsFDTD,LRU,2048,16,256,,,,,,,,,,,,,,,,,,,,,,,,,,,,,,,,,,,,,,,,,,,,,,,,/home/ssm-user/advcomparch/advcomparch-ex2-helpcode/outputs/replacment_policies/459.GemsFDTD/459.GemsFDTD.cslab_cache_stats_L2_LRU_2048_16_256.out,,,,,,,,,,,,,,,,,,
459.GemsFDTD,MRU,512,16,256,0.0915167,0.09151674281271771,38.03685809117969,0.19897864303139381,191.16050603068206,0.4685471459484493,108732414993,1188115001159,32,4,32,1,10,200,44361263646,23575920174,20785343472,20785343472,16649504033,4135839439,4135839439,38.03685809117969,34765378129,14754936081,20010442048,0.5755853416508082,184.0338233018023,9595885517,8820984093,774901424,0.08075350863942576,7.126682728879762,20010442048,15996346066,4014095982,0.20060006532445396,36.91719697625055,774901424,653157967,121743457,0.15710831497968702,1.1196611149291371,512,16,256,Sets:  256,Sets:  128,/home/ssm-user/advcomparch/advcomparch-ex2-helpcode/outputs/replacment_policies/459.GemsFDTD/459.GemsFDTD.cslab_cache_stats_L2_MRU_0512_16_256.out,100.0,42.44,57.56,100.0,91.92,8.08,100.0,53.15,46.85,100.0,79.94,20.06,100.0,84.29,15.71,100.0,80.1,19.9
459.GemsFDTD,MRU,1024,8,256,0.114017,0.11401749040866647,27.51003158710832,0.14785631643315525,186.05922459555796,0.45604356502193943,108732414993,953646801059,32,4,32,1,10,200,44361263646,24130594824,20230668822,20230668822,17239436651,2991232171,2991232171,27.51003158710832,34765378129,15260725038,19504653091,0.5610367020495582,179.382138180741,9595885517,8869869786,726015731,0.07565906551446408,6.677086414816958,19504653091,16552226710,2952426381,0.1513703610736011,27.15313902657337,726015731,687209941,38805790,0.05345034321301779,0.3568925605349449,1024,8,256,Sets:  256,Sets:  512,/home/ssm-user/advcomparch/advcomparch-ex2-helpcode/outputs/replacment_policies/459.GemsFDTD/459.GemsFDTD.cslab_cache_stats_L2_MRU_1024_08_256.out,100.0,43.9,56.1,100.0,92.43,7.57,100.0,54.4,45.6,100.0,84.86,15.14,100.0,94.65,5.35,100.0,85.21,14.79
459.GemsFDTD,MRU,1024,16,256,0.105171,0.10517096810914198,31.086412595273377,0.16508462145867234,188.30592650361208,0.4615503814736228,108732414705,1033863400327,32,4,32,1,10,200,44361263502,23886305410,20474958092,20474958092,17094857386,3380100706,3380100706,31.086412595273377,34765378129,15033342927,19732035202,0.5675771777537567,181.47334679851116,9595885373,8852962483,742922890,0.07742098421583553,6.832579705100922,19732035202,16419615463,3312419739,0.1678701515120072,30.4639582224571,742922890,675241923,67680967,0.09110093108047862,0.6224543728162759,1024,16,256,Sets:  256,Sets:  256,/home/ssm-user/advcomparch/advcomparch-ex2-helpcode/outputs/replacment_policies/459.GemsFDTD/459.GemsFDTD.cslab_cache_stats_L2_MRU_1024_16_256.out,100.0,43.24,56.76,100.0,92.26,7.74,100.0,53.84,46.16,100.0,83.21,16.79,100.0,90.89,9.11,100.0,83.49,16.51
459.GemsFDTD,MRU,2048,16,256,0.112951,0.11295112232938785,27.859556593082356,0.14870405332135317,187.34900610191949,0.45920490549048687,108732414993,962650151239,32,4,32,1,10,200,44361263646,23990353766,20370909880,20370909880,17341673011,3029236869,3029236869,27.859556593082356,34765378129,15124914485,19640463644,0.5649431906399042,180.631172822423,9595885517,8865439281,730446236,0.07612077433666198,6.717833279496504,19640463644,16652168795,2988294849,0.1521499137273625,27.483017361403967,730446236,689504216,40942020,0.056050696111739566,0.3765392316783893,2048,16,256,Sets:  256,Sets:  512,/home/ssm-user/advcomparch/advcomparch-ex2-helpcode/outputs/replacment_policies/459.GemsFDTD/459.GemsFDTD.cslab_cache_stats_L2_MRU_2048_16_256.out,100.0,43.51,56.49,100.0,92.39,7.61,100.0,54.08,45.92,100.0,84.79,15.21,100.0,94.39,5.61,100.0,85.13,14.87
459.GemsFDTD,Random,512,16,256,0.0897431,0.08974309173835178,39.07490287131492,0.20352012597306268,191.99527655798892,0.4705932243646016,108732414793,1211596488229,32,4,32,1,10,200,44361263546,23485153497,20876110049,20876110049,16627401502,4248708547,4248708547,39.07490287131492,34765378125,14667135290,20098242835,0.5781108654344601,184.84131777319718,9595885421,8818018207,777867214,0.08106257837319376,7.153958784791725,20098242835,15974211046,4124031789,0.20519364915913058,37.92826450926479,777867214,653190456,124676758,0.16028025832182716,1.1466383620501222,512,16,256,Sets:  256,Sets:  128,/home/ssm-user/advcomparch/advcomparch-ex2-helpcode/outputs/replacment_policies/459.GemsFDTD/459.GemsFDTD.cslab_cache_stats_L2_Random_0512_16_256.out,100.0,42.19,57.81,100.0,91.89,8.11,100.0,52.94,47.06,100.0,79.48,20.52,100.0,83.97,16.03,100.0,79.65,20.35
459.GemsFDTD,Random,1024,8,256,0.113915,0.11391532042076292,27.53133995689314,0.14768472458994103,186.41968580932257,0.4569270796802565,108732414793,954502119569,32,4,32,1,10,200,44361263546,24091400943,20269862603,20269862603,17276313527,2993549076,2993549076,27.53133995689314,34765378125,15220535851,19544842274,0.5621927137891586,179.75175398439015,9595885421,8870865092,725020329,0.07555533410323324,6.667931824932444,19544842274,16588381348,2956460926,0.15126553003361423,27.190244340920604,725020329,687932179,37088150,0.05115463458956335,0.3410956159725395,1024,8,256,Sets:  256,Sets:  512,/home/ssm-user/advcomparch/advcomparch-ex2-helpcode/outputs/replacment_policies/459.GemsFDTD/459.GemsFDTD.cslab_cache_stats_L2_Random_1024_08_256.out,100.0,43.78,56.22,100.0,92.44,7.56,100.0,54.31,45.69,100.0,84.87,15.13,100.0,94.88,5.12,100.0,85.23,14.77
459.GemsFDTD,Random,1024,16,256,0.104777,0.10477667666916385,31.260683095017818,0.16592837931943155,188.39865261889494,0.4617776592805619,108732414793,1037753994969,32,4,32,1,10,200,44361263546,23876223103,20485040443,20485040443,17085990882,3399049561,3399049561,31.260683095017818,34765378125,15018361472,19747016653,0.5680081080090367,181.61112940049665,9595885421,8857861631,738023790,0.07691044209269951,6.787523218398279,19747016653,16414199495,3332817158,0.16877573035791577,30.65155100569477,738023790,671791387,66232403,0.0897429105909987,0.6091320893230445,1024,16,256,Sets:  256,Sets:  256,/home/ssm-user/advcomparch/advcomparch-ex2-helpcode/outputs/replacment_policies/459.GemsFDTD/459.GemsFDTD.cslab_cache_stats_L2_Random_1024_16_256.out,100.0,43.2,56.8,100.0,92.31,7.69,100.0,53.82,46.18,100.0,83.12,16.88,100.0,91.03,8.97,100.0,83.41,16.59
459.GemsFDTD,Random,2048,16,256,0.113584,0.11358373978277475,27.621061156341913,0.1475579246625967,187.18792107912697,0.4588100756590363,108732414841,957288561276,32,4,32,1,10,200,44361263555,24007868867,20353394688,20353394688,17350090008,3003304680,3003304680,27.621061156341913,34765378134,15147403406,19617974728,0.5642963137747069,180.42434500040738,9595885421,8860465461,735419960,0.07663909350048918,6.7635760787195665,19617974728,16652948858,2965025870,0.1511382245674998,27.26901517211563,735419960,697141150,38278810,0.05205027342472456,0.35204598422627986,2048,16,256,Sets:  256,Sets:  512,/home/ssm-user/advcomparch/advcomparch-ex2-helpcode/outputs/replacment_policies/459.GemsFDTD/459.GemsFDTD.cslab_cache_stats_L2_Random_2048_16_256.out,100.0,43.57,56.43,100.0,92.34,7.66,100.0,54.12,45.88,100.0,84.89,15.11,100.0,94.79,5.21,100.0,85.24,14.76
459.GemsFDTD,SRRIP,512,16,256,0.0999811,0.09998111742480284,37.533735952088726,0.3452470788355673,108.71557864785039,0.26646913205732425,108732414839,1087529501966,32,4,32,1,10,200,44361263557,32540356160,11820907397,11820907397,7739773649,4081133748,4081133748,37.533735952088726,34765378136,23280622250,11484755886,0.33035038022806335,105.62403035935024,9595885421,9259733910,336151511,0.035030796664615574,3.091548288500161,11484755886,7525933522,3958822364,0.3447023518214987,36.4088516737334,336151511,213840127,122311384,0.36385790334882656,1.124884278355322,512,16,256,Sets:  256,Sets:  128,/home/ssm-user/advcomparch/advcomparch-ex2-helpcode/outputs/replacment_policies/459.GemsFDTD/459.GemsFDTD.cslab_cache_stats_L2_SRRIP_0512_16_256.out,100.0,66.96,33.04,100.0,96.5,3.5,100.0,73.35,26.65,100.0,65.53,34.47,100.0,63.61,36.39,100.0,65.48,34.52
459.GemsFDTD,SRRIP,1024,8,256,0.115983,0.11598279097205573,27.40092320392044,0.15803983885737008,173.37984777780997,0.42496556704150296,108732414993,937487484839,32,4,32,1,10,200,44361263646,25509254086,18852009560,18852009560,15872641007,2979368553,2979368553,27.40092320392044,34765378129,16594893115,18170485014,0.5226603590093803,167.1119418728057,9595885517,8914360971,681524546,0.07102257991642524,6.267905905004275,18170485014,15224843564,2945641450,0.16211132766849323,27.090738766260596,681524546,647797443,33727103,0.049487730409639566,0.31018443765983944,1024,8,256,Sets:  256,Sets:  512,/home/ssm-user/advcomparch/advcomparch-ex2-helpcode/outputs/replacment_policies/459.GemsFDTD/459.GemsFDTD.cslab_cache_stats_L2_SRRIP_1024_08_256.out,100.0,47.73,52.27,100.0,92.9,7.1,100.0,57.5,42.5,100.0,83.79,16.21,100.0,95.05,4.95,100.0,84.2,15.8
459.GemsFDTD,SRRIP,1024,16,256,0.110662,0.1106620076221428,30.38381835778435,0.19580032250677393,155.17757054119863,0.3803505721210871,108732414705,982563185337,32,4,32,1,10,200,44361263502,27488431549,16872831953,16872831953,13569126015,3303705938,3303705938,30.38381835778435,34765378129,18481948198,16283429931,0.4683806363497298,149.75690529064664,9595885373,9006483351,589402022,0.06142237001479863,5.420665250551974,16283429931,13045156802,3238273129,0.19886922735086998,29.782040045608312,589402022,523969213,65432809,0.11101558284101035,0.6017783121760388,1024,16,256,Sets:  256,Sets:  256,/home/ssm-user/advcomparch/advcomparch-ex2-helpcode/outputs/replacment_policies/459.GemsFDTD/459.GemsFDTD.cslab_cache_stats_L2_SRRIP_1024_16_256.out,100.0,53.16,46.84,100.0,93.86,6.14,100.0,61.96,38.04,100.0,80.11,19.89,100.0,88.9,11.1,100.0,80.42,19.58
459.GemsFDTD,SRRIP,2048,16,256,0.118676,0.11867644660963374,26.011609623352918,0.14323855350523065,181.5964276852534,0.44510495242150105,108732414793,916208884739,32,4,32,1,10,200,44361263546,24615845446,19745418100,19745418100,16917112973,2828305127,2828305127,26.011609623352918,34765378125,15722791243,19042586882,0.5477457145304673,175.13256666149135,9595885421,8893054203,702831218,0.07324297729336132,6.463861023762043,19042586882,16241958508,2800628374,0.14707184435363102,25.757069585290765,702831218,675154465,27676753,0.0393789465965355,0.25454003806215275,2048,16,256,Sets:  256,Sets:  512,/home/ssm-user/advcomparch/advcomparch-ex2-helpcode/outputs/replacment_policies/459.GemsFDTD/459.GemsFDTD.cslab_cache_stats_L2_SRRIP_2048_16_256.out,100.0,45.23,54.77,100.0,92.68,7.32,100.0,55.49,44.51,100.0,85.29,14.71,100.0,96.06,3.94,100.0,85.68,14.32
470.lbm,LFU,512,16,256,0.0849779,0.08497785231093118,46.44213899466063,0.4044054594193391,114.84053420382614,0.3470142429658642,96483398504,1135394645548,32,4,32,1,10,200,31930115984,20849910958,11080205026,11080205026,6599309622,4480895404,4480895404,46.44213899466063,20293159000,16026919045,4266239955,0.21023045032072138,44.21734745198813,11636956984,4822991913,6813965071,0.5855452658602007,70.62318675183802,4266239955,2993342995,1272896960,0.2983650646532844,13.192911731309177,6813965071,3605966627,3207998444,0.47079760617692784,33.24922726335146,512,16,256,Sets:  256,Sets:  128,/home/ssm-user/advcomparch/advcomparch-ex2-helpcode/outputs/replacment_policies/470.lbm/470.lbm.cslab_cache_stats_L2_LFU_0512_16_256.out,100.0,78.98,21.02,100.0,41.45,58.55,100.0,65.3,34.7,100.0,70.16,29.84,100.0,52.92,47.08,100.0,59.56,40.44
470.lbm,LFU,1024,8,256,0.144557,0.14455707320989805,23.560899255696892,0.26940161902457166,87.4564129978296,0.2642675006638961,96483398504,667441560358,32,4,32,1,10,200,31930115984,23492024037,8438091947,8438091947,6164856315,2273235632,2273235632,23.560899255696892,20293159000,18179243940,2113915060,0.10416885118773277,21.90962479324732,11636956984,5312780097,6324176887,0.5434562399513292,65.54678820458228,2113915060,1816939191,296975869,0.14048618821988051,3.077999672531104,6324176887,4347917124,1976259763,0.3124928031444545,20.482899583165786,1024,8,256,Sets:  256,Sets:  512,/home/ssm-user/advcomparch/advcomparch-ex2-helpcode/outputs/replacment_policies/470.lbm/470.lbm.cslab_cache_stats_L2_LFU_1024_08_256.out,100.0,89.58,10.42,100.0,45.65,54.35,100.0,73.57,26.43,100.0,85.95,14.05,100.0,68.75,31.25,100.0,73.06,26.94
470.lbm,LFU,1024,16,256,0.130867,0.13086658662226783,27.12078756110065,0.30600925058375483,88.62734544581254,0.26780571336743314,96483398504,737265340178,32,4,32,1,10,200,31930115984,23379048495,8551067489,8551067489,5934361735,2616705754,2616705754,27.12078756110065,20293159000,18111906661,2181252339,0.1074870767533039,22.6075404973382,11636956984,5267141834,6369815150,0.5473780782001729,66.01980494847433,2181252339,1839480027,341772312,0.15668627874420357,3.542291392086804,6369815150,4094881708,2274933442,0.3571427723455994,23.578496169013842,1024,16,256,Sets:  256,Sets:  256,/home/ssm-user/advcomparch/advcomparch-ex2-helpcode/outputs/replacment_policies/470.lbm/470.lbm.cslab_cache_stats_L2_LFU_1024_16_256.out,100.0,89.25,10.75,100.0,45.26,54.74,100.0,73.22,26.78,100.0,84.33,15.67,100.0,64.29,35.71,100.0,69.4,30.6
470.lbm,LFU,2048,16,256,0.144118,0.1441181495703445,23.661547482755324,0.2702623680199599,87.55028550999681,0.2645511557249845,96483398504,669474308348,32,4,32,1,10,200,31930115984,23482966898,8447149086,8447149086,6164202571,2282946515,2282946515,23.661547482755324,20293159000,18174298180,2118860820,0.10441256681623595,21.960885010825532,11636956984,5308668718,6328288266,0.5438095435689032,65.58940049917129,2118860820,1818779458,300081362,0.141623913740592,3.1101864844402147,6328288266,4345423113,1982865153,0.3133335697827391,20.551360998315108,2048,16,256,Sets:  256,Sets:  512,/home/ssm-user/advcomparch/advcomparch-ex2-helpcode/outputs/replacment_policies/470.lbm/470.lbm.cslab_cache_stats_L2_LFU_2048_16_256.out,100.0,89.56,10.44,100.0,45.62,54.38,100.0,73.54,26.46,100.0,85.84,14.16,100.0,68.67,31.33,100.0,72.97,27.03
470.lbm,LIP,512,16,256,0.0841509,0.08415093790660261,47.018390224012755,0.4092855526899188,114.87918377523242,0.34713103057796896,96483398504,1146551671368,32,4,32,1,10,200,31930115984,20846181916,11083934068,11083934068,6547439987,4536494081,4536494081,47.018390224012755,20293159000,16024915474,4268243526,0.21032918167151798,44.23811341826902,11636956984,4821266442,6815690542,0.5856935409635953,70.6410703569634,4268243526,2991039202,1277204324,0.2992341735470133,13.237555307994771,6815690542,3556400785,3259289757,0.47820389392907975,33.78083491601798,512,16,256,Sets:  256,Sets:  128,/home/ssm-user/advcomparch/advcomparch-ex2-helpcode/outputs/replacment_policies/470.lbm/470.lbm.cslab_cache_stats_L2_LIP_0512_16_256.out,100.0,78.97,21.03,100.0,41.43,58.57,100.0,65.29,34.71,100.0,70.08,29.92,100.0,52.18,47.82,100.0,59.07,40.93
470.lbm,LIP,1024,8,256,0.143709,0.1437093346898372,23.762300359941722,0.2715408496637225,87.50911838630937,0.26442676081198163,96483398504,671378784908,32,4,32,1,10,200,31930115984,23486938842,8443177142,8443177142,6150509647,2292667495,2292667495,23.762300359941722,20293159000,18176670249,2116488751,0.10429567673519928,21.936299755364182,11636956984,5310268593,6326688391,0.5436720613214222,65.57281863094519,2116488751,1815283341,301205410,0.14231373063413932,3.1218366544946345,6326688391,4335226306,1991462085,0.3147716406948293,20.64046370544709,1024,8,256,Sets:  256,Sets:  512,/home/ssm-user/advcomparch/advcomparch-ex2-helpcode/outputs/replacment_policies/470.lbm/470.lbm.cslab_cache_stats_L2_LIP_1024_08_256.out,100.0,89.57,10.43,100.0,45.63,54.37,100.0,73.56,26.44,100.0,85.77,14.23,100.0,68.52,31.48,100.0,72.85,27.15
470.lbm,LIP,1024,16,256,0.130821,0.13082069222708426,27.13342062563713,0.30609856055657564,88.64275799370219,0.2678522855440186,96483398504,737523986928,32,4,32,1,10,200,31930115984,23377561440,8552554544,8552554544,5934629909,2617924635,2617924635,27.13342062563713,20293159000,18111035320,2182123680,0.10753001442505822,22.616571491410866,11636956984,5266526120,6370430864,0.5474309884241125,66.02618650229132,2182123680,1839721223,342402457,0.15691248857168352,3.5488225156766706,6370430864,4094908686,2275522178,0.35720067081478335,23.584598109960456,1024,16,256,Sets:  256,Sets:  256,/home/ssm-user/advcomparch/advcomparch-ex2-helpcode/outputs/replacment_policies/470.lbm/470.lbm.cslab_cache_stats_L2_LIP_1024_16_256.out,100.0,89.25,10.75,100.0,45.26,54.74,100.0,73.21,26.79,100.0,84.31,15.69,100.0,64.28,35.72,100.0,69.39,30.61
470.lbm,LIP,2048,16,256,0.144911,0.14491101931224645,23.474069053507726,0.2682647474527445,87.50336850592993,0.2644093863683599,96483398504,665811330028,32,4,32,1,10,200,31930115984,23487493610,8442622374,8442622374,6177764415,2264857959,2264857959,23.474069053507726,20293159000,18177401125,2115757875,0.10425966085418244,21.92872460760475,11636956984,5310092485,6326864499,0.5436871948310023,65.57464389832518,2115757875,1820111630,295646245,0.1397353867819114,3.0642188146776683,6326864499,4357652785,1969211714,0.31124607051585285,20.409850238830057,2048,16,256,Sets:  256,Sets:  512,/home/ssm-user/advcomparch/advcomparch-ex2-helpcode/outputs/replacment_policies/470.lbm/470.lbm.cslab_cache_stats_L2_LIP_2048_16_256.out,100.0,89.57,10.43,100.0,45.63,54.37,100.0,73.56,26.44,100.0,86.03,13.97,100.0,68.88,31.12,100.0,73.17,26.83
470.lbm,LRU,512,16,256,0.08404,0.08403999555925212,47.00883548180534,0.40302836908393613,116.63902367134637,0.3524487479982591,96483398504,1148065249908,32,4,32,1,10,200,31930115984,20676386582,11253729402,11253729402,6718157195,4535572207,4535572207,47.00883548180534,20293159000,15913889941,4379269059,0.21580026347795334,45.38883504210773,11636956984,4762496641,6874460343,0.590743813219547,71.25018862923862,4379269059,3097914138,1281354921,0.29259561441346915,13.280574076657112,6874460343,3620243057,3254217286,0.4733778542069335,33.72826140514824,512,16,256,Sets:  256,Sets:  128,/home/ssm-user/advcomparch/advcomparch-ex2-helpcode/outputs/replacment_policies/470.lbm/470.lbm.cslab_cache_stats_L2_LRU_0512_16_256.out,100.0,78.42,21.58,100.0,40.93,59.07,100.0,64.76,35.24,100.0,70.74,29.26,100.0,52.66,47.34,100.0,59.7,40.3
470.lbm,LRU,1024,8,256,0.234989,0.234989362024811,10.300405773525881,0.11914985594389167,86.44916682380547,0.2612238996306679,96483398504,410586239618,32,4,32,1,10,200,31930115984,23589206571,8340909413,8340909413,7347091258,993818155,993818155,10.300405773525881,20293159000,18239848014,2053310986,0.1011824224114146,21.281495239980316,11636956984,5349358557,6287598427,0.5403129388245576,65.16767158382517,2053310986,1796354674,256956312,0.12514242301920844,2.663217879802888,6287598427,5550736584,736861843,0.11719289193721277,7.637187893722993,1024,8,256,Sets:  256,Sets:  512,/home/ssm-user/advcomparch/advcomparch-ex2-helpcode/outputs/replacment_policies/470.lbm/470.lbm.cslab_cache_stats_L2_LRU_1024_08_256.out,100.0,89.88,10.12,100.0,45.97,54.03,100.0,73.88,26.12,100.0,87.49,12.51,100.0,88.28,11.72,100.0,88.09,11.91
470.lbm,LRU,1024,16,256,0.234994,0.23499368328338308,10.30006331046475,0.11914723983671777,86.44819069732714,0.2612209500641819,96483398504,410578689418,32,4,32,1,10,200,31930115984,23589300751,8340815233,8340815233,7347030120,993785113,993785113,10.30006331046475,20293159000,18239844302,2053314698,0.1011826053302002,21.2815337129203,11636956984,5349456449,6287500535,0.5403045266597507,65.16665698440684,2053314698,1796368034,256946664,0.12513749804171517,2.66311788332526,6287500535,5550662086,736838449,0.11719099583345005,7.636945427139492,1024,16,256,Sets:  256,Sets:  256,/home/ssm-user/advcomparch/advcomparch-ex2-helpcode/outputs/replacment_policies/470.lbm/470.lbm.cslab_cache_stats_L2_LRU_1024_16_256.out,100.0,89.88,10.12,100.0,45.97,54.03,100.0,73.88,26.12,100.0,87.49,12.51,100.0,88.28,11.72,100.0,88.09,11.91
470.lbm,LRU,2048,16,256,0.235014,0.2350137005353322,10.298411171314683,0.11913254223033601,86.4449878976249,0.2612112721475669,96483398504,410543718448,32,4,32,1,10,200,31930115984,23589609768,8340506216,8340506216,7346880507,993625709,993625709,10.298411171314683,20293159000,18240031521,2053127479,0.1011733796103406,21.279593285832295,11636956984,5349578247,6287378737,0.5402940601778201,65.1653946117926,2053127479,1796314672,256812807,0.12508371234945612,2.6617305254784642,6287378737,5550565835,736812902,0.11718920281738389,7.636680645836218,2048,16,256,Sets:  256,Sets:  512,/home/ssm-user/advcomparch/advcomparch-ex2-helpcode/outputs/replacment_policies/470.lbm/470.lbm.cslab_cache_stats_L2_LRU_2048_16_256.out,100.0,89.88,10.12,100.0,45.97,54.03,100.0,73.88,26.12,100.0,87.49,12.51,100.0,88.28,11.72,100.0,88.09,11.91
470.lbm,MRU,512,16,256,0.0848353,0.08483528566905688,46.447454572345,0.39796704919191694,116.71180985123729,0.35266868637879983,96483398504,1137302688888,32,4,32,1,10,200,31930115984,20669363924,11260752060,11260752060,6779343791,4481408269,4481408269,46.447454572345,20293159000,15913986862,4379172138,0.21579548743495283,45.387830506596934,11636956984,4755377062,6881579922,0.5913556208432917,71.32397934464035,4379172138,3105306568,1273865570,0.2908918694805598,13.202950867730765,6881579922,3674037223,3207542699,0.4661055651981426,33.24450370461424,512,16,256,Sets:  256,Sets:  128,/home/ssm-user/advcomparch/advcomparch-ex2-helpcode/outputs/replacment_policies/470.lbm/470.lbm.cslab_cache_stats_L2_MRU_0512_16_256.out,100.0,78.42,21.58,100.0,40.86,59.14,100.0,64.73,35.27,100.0,70.91,29.09,100.0,53.39,46.61,100.0,60.2,39.8
470.lbm,MRU,1024,8,256,0.142271,0.14227083387618467,23.635570557824593,0.24346626968234106,97.07944590707677,0.29334546954647855,96483398504,678167097748,32,4,32,1,10,200,31930115984,22563561118,9366554866,9366554866,7086114693,2280440173,2280440173,23.635570557824593,20293159000,17658129527,2635029473,0.1298481657291504,27.31070333193909,11636956984,4905431591,6731525393,0.5784609672662171,69.76874257513768,2635029473,2336817203,298212270,0.11317227114749619,3.0908143227110387,6731525393,4749297490,1982227903,0.294469349407979,20.544756235113557,1024,8,256,Sets:  256,Sets:  512,/home/ssm-user/advcomparch/advcomparch-ex2-helpcode/outputs/replacment_policies/470.lbm/470.lbm.cslab_cache_stats_L2_MRU_1024_08_256.out,100.0,87.02,12.98,100.0,42.15,57.85,100.0,70.67,29.33,100.0,88.68,11.32,100.0,70.55,29.45,100.0,75.65,24.35
470.lbm,MRU,1024,16,256,0.130234,0.13023370451874433,26.830783296803926,0.2733906533953307,98.1408214347615,0.29655263353082845,96483398504,740848145728,32,4,32,1,10,200,31930115984,22461156000,9468959984,9468959984,6880234827,2588725157,2588725157,26.830783296803926,20293159000,17603042727,2690116273,0.1325627159871955,27.881649223710475,11636956984,4858113273,6778843711,0.5825271778799591,70.25917221105104,2690116273,2350933586,339182687,0.12608476830696455,3.515451282387593,6778843711,4529301241,2249542470,0.33184751941539486,23.31533201441633,1024,16,256,Sets:  256,Sets:  256,/home/ssm-user/advcomparch/advcomparch-ex2-helpcode/outputs/replacment_policies/470.lbm/470.lbm.cslab_cache_stats_L2_MRU_1024_16_256.out,100.0,86.74,13.26,100.0,41.75,58.25,100.0,70.34,29.66,100.0,87.39,12.61,100.0,66.82,33.18,100.0,72.66,27.34
470.lbm,MRU,2048,16,256,0.142176,0.14217619680626326,23.610816610129636,0.24082253781617746,98.04238766120817,0.29625519568234837,96483398504,678618507678,32,4,32,1,10,200,31930115984,22470653225,9459462759,9459462759,7181410931,2278051828,2278051828,23.610816610129636,20293159000,17631826067,2661332933,0.13114433947913187,27.58332494775945,11636956984,4838827158,6798129826,0.5841844938798821,70.45906271344872,2661332933,2363404437,297928496,0.11194709700005806,3.0878731535109485,6798129826,4818006494,1980123332,0.29127471564706775,20.522943456618684,2048,16,256,Sets:  256,Sets:  512,/home/ssm-user/advcomparch/advcomparch-ex2-helpcode/outputs/replacment_policies/470.lbm/470.lbm.cslab_cache_stats_L2_MRU_2048_16_256.out,100.0,86.89,13.11,100.0,41.58,58.42,100.0,70.37,29.63,100.0,88.81,11.19,100.0,70.87,29.13,100.0,75.92,24.08
470.lbm,Random,512,16,256,0.0840465,0.08404649414873977,47.02958103006583,0.40496622454336645,116.13210727165121,0.35091699606148224,96483398504,1147976479938,32,4,32,1,10,200,31930115984,20725295599,11204820385,11204820385,6667246577,4537573808,4537573808,47.02958103006583,20293159000,15950559897,4342599103,0.2139932527508408,45.008770113129515,11636956984,4774735702,6862221282,0.5896920725439712,71.12333715852171,4342599103,3063484110,1279114993,0.29455055893056037,13.257358393599398,6862221282,3603762467,3258458815,0.47484024211622616,33.772222636466424,512,16,256,Sets:  256,Sets:  128,/home/ssm-user/advcomparch/advcomparch-ex2-helpcode/outputs/replacment_policies/470.lbm/470.lbm.cslab_cache_stats_L2_Random_0512_16_256.out,100.0,78.6,21.4,100.0,41.03,58.97,100.0,64.91,35.09,100.0,70.54,29.46,100.0,52.52,47.48,100.0,59.5,40.5
470.lbm,Random,1024,8,256,0.141489,0.14148885918194568,23.82138309426066,0.24495532189640068,97.24786916177096,0.293854394976256,96483398504,681915163228,32,4,32,1,10,200,31930115984,22547311070,9382804914,9382804914,7084436916,2298367998,2298367998,23.82138309426066,20293159000,17652060349,2641098651,0.13014724080169085,27.37360718995098,11636956984,4895250721,6741706263,0.5793358411713108,69.87426197181998,2641098651,2338410705,302687946,0.11460683071622227,3.1372023653110768,6741706263,4746026211,1995680052,0.2960200243301523,20.684180728949585,1024,8,256,Sets:  256,Sets:  512,/home/ssm-user/advcomparch/advcomparch-ex2-helpcode/outputs/replacment_policies/470.lbm/470.lbm.cslab_cache_stats_L2_Random_1024_08_256.out,100.0,86.99,13.01,100.0,42.07,57.93,100.0,70.61,29.39,100.0,88.54,11.46,100.0,70.4,29.6,100.0,75.5,24.5
470.lbm,Random,1024,16,256,0.130285,0.13028521688302463,26.82447993260418,0.2738217407298483,97.96329488340055,0.2960162006218912,96483398504,740555228078,32,4,32,1,10,200,31930115984,22478284365,9451831619,9451831619,6863714632,2588116987,2588116987,26.82447993260418,20293159000,17608520983,2684638017,0.13229276018583405,27.82486996339272,11636956984,4869763382,6767193602,0.5815260476862135,70.13842492000784,2684638017,2345854492,338783525,0.12619337238566714,3.5113141768731824,6767193602,4517860140,2249333462,0.33238792833342673,23.313165755730996,1024,16,256,Sets:  256,Sets:  256,/home/ssm-user/advcomparch/advcomparch-ex2-helpcode/outputs/replacment_policies/470.lbm/470.lbm.cslab_cache_stats_L2_Random_1024_16_256.out,100.0,86.77,13.23,100.0,41.85,58.15,100.0,70.4,29.6,100.0,87.38,12.62,100.0,66.76,33.24,100.0,72.62,27.38
470.lbm,Random,2048,16,256,0.142186,0.14218575211754783,23.60961088974868,0.240867121371999,98.01923465214509,0.29618523411374276,96483398504,678572902468,32,4,32,1,10,200,31930115984,22472887106,9457228878,9457228878,7179293382,2277935496,2277935496,23.60961088974868,20293159000,17633340337,2659818663,0.1310697197513704,27.56763033061827,11636956984,4839546769,6797410215,0.5841226554627608,70.4516043215268,2659818663,2362097993,297720670,0.11193269456354664,3.085719145637859,6797410215,4817195389,1980214826,0.2913190117068725,20.52389174411082,2048,16,256,Sets:  256,Sets:  512,/home/ssm-user/advcomparch/advcomparch-ex2-helpcode/outputs/replacment_policies/470.lbm/470.lbm.cslab_cache_stats_L2_Random_2048_16_256.out,100.0,86.89,13.11,100.0,41.59,58.41,100.0,70.38,29.62,100.0,88.81,11.19,100.0,70.87,29.13,100.0,75.91,24.09
470.lbm,SRRIP,512,16,256,0.0849778,0.08497779868799585,46.44190855087088,0.40438460887668026,114.84588565296667,0.34703041346772706,96483398504,1135395362008,32,4,32,1,10,200,31930115984,20849394632,11080721352,11080721352,6599848182,4480873170,4480873170,46.44190855087088,20293159000,16026984839,4266174161,0.2102272081443801,44.21666553156431,11636956984,4822409793,6814547191,0.5855952892469676,70.62922012140237,4266174161,2993150141,1273024020,0.2983994492389876,13.194228641803315,6814547191,3606698041,3207849150,0.4707354810363071,33.24767990906756,512,16,256,Sets:  256,Sets:  128,/home/ssm-user/advcomparch/advcomparch-ex2-helpcode/outputs/replacment_policies/470.lbm/470.lbm.cslab_cache_stats_L2_SRRIP_0512_16_256.out,100.0,78.98,21.02,100.0,41.44,58.56,100.0,65.3,34.7,100.0,70.16,29.84,100.0,52.93,47.07,100.0,59.56,40.44
470.lbm,SRRIP,1024,8,256,0.144521,0.14452096658084349,23.568988699187706,0.2694601002216366,87.46745317693313,0.2643008608308474,96483398504,667608311698,32,4,32,1,10,200,31930115984,23490958843,8439157141,8439157141,6165141012,2274016129,2274016129,23.568988699187706,20293159000,18178478264,2114680736,0.1042065819323645,21.917560624819096,11636956984,5312480579,6324476405,0.5434819784670264,65.54989255211403,2114680736,1817244447,297436289,0.14065304702335926,3.082771685200008,6324476405,4347896565,1976579840,0.3125286131888099,20.486217013987698,1024,8,256,Sets:  256,Sets:  512,/home/ssm-user/advcomparch/advcomparch-ex2-helpcode/outputs/replacment_policies/470.lbm/470.lbm.cslab_cache_stats_L2_SRRIP_1024_08_256.out,100.0,89.58,10.42,100.0,45.65,54.35,100.0,73.57,26.43,100.0,85.93,14.07,100.0,68.75,31.25,100.0,73.05,26.95
470.lbm,SRRIP,1024,16,256,0.130862,0.13086234114220674,27.121055938877564,0.3059452303255385,88.64676827947154,0.26786440344550677,96483398504,737289258788,32,4,32,1,10,200,31930115984,23377174514,8552941470,8552941470,5936209822,2616731648,2616731648,27.121055938877564,20293159000,18110270167,2182888833,0.10756771939745803,22.624501902360976,11636956984,5266904347,6370052637,0.547398486198615,66.02226637711057,2182888833,1839262098,343626735,0.15741833931494578,3.561511517297496,6370052637,4096947724,2273104913,0.35684240657554867,23.559544421580068,1024,16,256,Sets:  256,Sets:  256,/home/ssm-user/advcomparch/advcomparch-ex2-helpcode/outputs/replacment_policies/470.lbm/470.lbm.cslab_cache_stats_L2_SRRIP_1024_16_256.out,100.0,89.24,10.76,100.0,45.26,54.74,100.0,73.21,26.79,100.0,84.26,15.74,100.0,64.32,35.68,100.0,69.41,30.59
470.lbm,SRRIP,2048,16,256,0.144882,0.14488171678515904,23.480704837590036,0.26831956601187923,87.5102221824199,0.26443009615846313,96483398504,665945991288,32,4,32,1,10,200,31930115984,23486832344,8443283640,8443283640,6177785438,2265498202,2265498202,23.480704837590036,20293159000,18177712015,2115446985,0.10424434091311265,21.9255023952364,11636956984,5309120329,6327836655,0.5437707352274596,65.5847197871835,2115446985,1819447656,295999329,0.13992283006799153,3.0678783458040035,6327836655,4358337782,1969498873,0.3112436335479333,20.41282649178603,2048,16,256,Sets:  256,Sets:  512,/home/ssm-user/advcomparch/advcomparch-ex2-helpcode/outputs/replacment_policies/470.lbm/470.lbm.cslab_cache_stats_L2_SRRIP_2048_16_256.out,100.0,89.58,10.42,100.0,45.62,54.38,100.0,73.56,26.44,100.0,86.01,13.99,100.0,68.88,31.12,100.0,73.17,26.83
